,Participant,Condition,TrialId,Score,ExpectedScore,NumClicks,TestEnv,HighRiskClicks,GoalStrategy,ClickAgreement,GoalAgreement,SubgoalAgreement,TermAgreement,GoalTermAgreement,SubgoalTermAgreement
0,1,0,1,-135,-120.0,20,1,4,False,0.047619047619047616,0.0,0.25,0.5263157894736842,0.75,0.75
1,1,0,2,15,-150.0,3,2,0,False,0.25,1.0,0.0,0.75,0.0,0.5
2,1,0,3,70,75.0,4,3,1,False,0.2,0.0,0.3333333333333333,0.6666666666666666,1.0,1.0
3,1,0,4,50,50.0,4,4,1,True,0.6,1.0,0.3333333333333333,0.75,1.0,0.75
4,1,0,5,-10,-5.0,3,5,1,True,0.5,1.0,0.5,0.75,0.0,0.5
10,5,1,1,-65,-25.0,10,1,4,True,0.36363636363636365,0.75,0.6666666666666666,0.5833333333333334,1.0,0.8333333333333334
11,5,1,2,65,60.0,4,2,1,True,1.0,1.0,1.0,1.0,1.0,1.0
12,5,1,3,80,70.0,3,3,1,True,0.75,0.5,1.0,1.0,0.5,1.0
13,5,1,4,45,50.0,5,4,1,True,0.5,0.25,1.0,1.0,0.25,1.0
14,5,1,5,-10,-175.0,5,5,1,True,0.5,0.5,1.0,0.8333333333333334,0.6666666666666666,1.0
20,7,1,1,25,25.0,5,1,1,True,0.8333333333333334,0.75,1.0,1.0,0.75,1.0
21,7,1,2,55,60.0,5,2,1,True,0.8333333333333334,1.0,0.5,0.75,1.0,0.5
22,7,1,3,-1495,-1485.0,6,3,2,True,0.7142857142857143,1.0,0.5,0.6666666666666666,1.0,0.5
23,7,1,4,50,35.0,4,4,1,True,0.6,1.0,0.3333333333333333,0.6666666666666666,1.0,0.3333333333333333
24,7,1,5,-10,-45.0,7,5,3,True,0.75,0.75,1.0,0.75,0.8333333333333333,1.0
25,9,1,1,0,5.0,7,1,1,False,0.375,0.25,0.3333333333333333,0.75,0.25,0.25
26,9,1,2,25,25.0,7,2,1,True,0.375,1.0,0.16666666666666666,0.5833333333333334,1.0,0.16666666666666666
27,9,1,3,-1540,-1515.0,9,3,2,True,0.5,1.0,0.2857142857142857,0.5833333333333334,1.0,0.2857142857142857
28,9,1,4,40,40.0,7,4,1,True,0.375,1.0,0.16666666666666666,0.5833333333333334,1.0,0.16666666666666666
29,9,1,5,-85,-85.0,13,5,2,True,0.35714285714285715,0.75,0.2222222222222222,0.5625,0.75,0.2222222222222222
30,10,1,1,10,15.0,6,1,3,False,0.2857142857142857,0.3333333333333333,1.0,0.6666666666666666,0.3333333333333333,1.0
31,10,1,2,35,-80.0,3,2,0,False,0.75,1.0,,0.75,1.0,
32,10,1,3,80,-60.0,1,3,0,False,0.5,1.0,,0.5,1.0,
33,10,1,4,90,-60.0,1,4,0,False,0.5,1.0,,0.5,1.0,
34,10,1,5,-1440,-105.0,3,5,0,False,0.75,1.0,,0.75,1.0,
35,11,0,1,-1510,-155.0,3,1,1,False,0.75,1.0,1.0,1.0,0.5,1.0
36,11,0,2,80,20.0,3,2,3,False,0.25,,1.0,0.75,,1.0
37,11,0,3,-1485,-135.0,1,3,0,False,0.5,1.0,,0.5,0.0,
38,11,0,4,45,45.0,3,4,2,False,0.25,0.0,1.0,0.6666666666666666,1.0,1.0
39,11,0,5,-10,-45.0,7,5,4,False,0.375,0.6666666666666666,1.0,0.625,0.75,1.0
40,12,1,1,-10,-160.0,8,1,0,True,0.3333333333333333,0.75,0.0,0.8888888888888888,0.75,0.75
41,12,1,2,30,50.0,5,2,1,False,0.6666666666666666,0.5,1.0,1.0,0.6666666666666666,1.0
42,12,1,3,65,-90.0,4,3,0,True,0.2,1.0,0.0,0.8,1.0,0.6666666666666666
43,12,1,4,40,-105.0,3,4,0,False,0.25,0.3333333333333333,,0.75,0.3333333333333333,
44,12,1,5,-1440,-95.0,2,5,0,False,0.6666666666666666,1.0,,0.6666666666666666,1.0,
45,15,0,1,-15,-20.0,9,1,1,True,0.3,0.3333333333333333,0.16666666666666666,1.0,0.3333333333333333,1.0
46,15,0,2,50,-90.0,5,2,0,True,0.16666666666666666,0.5,0.0,0.8333333333333334,0.5,0.6666666666666666
47,15,0,3,45,-110.0,6,3,0,True,0.14285714285714285,0.5,0.0,0.8571428571428571,0.5,0.75
48,15,0,4,60,-90.0,6,4,0,True,0.14285714285714285,0.3333333333333333,0.0,0.8571428571428571,0.3333333333333333,0.6666666666666666
49,15,0,5,-1500,-145.0,8,5,0,True,0.2222222222222222,0.5,0.0,0.8888888888888888,0.6666666666666666,0.75
50,16,0,1,-30,-130.0,3,1,0,False,0.75,1.0,,0.75,1.0,
51,16,0,2,60,-90.0,5,2,0,True,0.16666666666666666,1.0,0.0,0.8333333333333334,1.0,0.75
52,16,0,3,35,-100.0,6,3,0,True,0.14285714285714285,0.5,0.0,0.8571428571428571,0.5,0.75
53,16,0,4,75,-95.0,2,4,0,False,0.3333333333333333,0.5,,0.6666666666666666,0.5,
54,16,0,5,-1490,-125.0,7,5,0,True,0.375,0.75,0.0,0.875,0.75,0.6666666666666666
60,20,1,1,-5,15.0,6,1,1,True,0.7142857142857143,0.75,0.5,1.0,0.5,0.5
61,20,1,2,70,80.0,2,2,1,True,1.0,1.0,1.0,1.0,1.0,1.0
62,20,1,3,65,70.0,3,3,1,True,0.75,0.5,1.0,1.0,0.5,1.0
63,20,1,4,50,35.0,4,4,2,False,0.4,0.5,1.0,0.75,0.5,1.0
64,20,1,5,-30,-175.0,5,5,1,True,0.6666666666666666,0.75,1.0,0.8333333333333334,0.75,1.0
65,21,0,1,-1705,-1705.0,26,1,2,False,0.037037037037037035,0.0,0.08,0.6,0.0,0.59375
66,21,0,2,-255,-255.0,30,2,2,False,0.03225806451612903,0.0,0.07142857142857142,0.5217391304347826,1.0,0.6041666666666666
67,21,0,3,-1705,-355.0,23,3,0,False,0.041666666666666664,0.3333333333333333,0.0,0.9583333333333334,0.3333333333333333,0.85
68,21,0,4,-15,-15.0,13,4,1,False,0.21428571428571427,0.25,0.1111111111111111,0.5625,0.25,0.0625
69,21,0,5,-85,-85.0,14,5,2,False,0.3333333333333333,0.75,0.2,0.5625,0.75,0.1111111111111111
70,22,1,1,-245,-245.0,30,1,4,False,0.06451612903225806,0.25,0.15384615384615385,0.5185185185185185,0.25,0.4855072463768116
71,22,1,2,-155,-155.0,26,2,4,True,0.07407407407407407,0.25,0.18181818181818182,0.52,0.5,0.6428571428571428
72,22,1,3,-115,-115.0,22,3,4,False,0.043478260869565216,0.0,0.19047619047619047,0.5238095238095238,1.0,0.6190476190476191
73,22,1,4,-25,-20.0,12,4,4,False,0.15384615384615385,0.25,0.5,0.5833333333333334,0.25,0.875
74,22,1,5,-200,-200.0,24,5,4,False,0.08,0.3333333333333333,0.19047619047619047,0.5555555555555556,0.3333333333333333,0.3611111111111111
75,23,1,1,10,20.0,6,1,1,True,0.7142857142857143,1.0,0.3333333333333333,0.75,1.0,0.75
76,23,1,2,25,-135.0,7,2,0,True,0.375,1.0,0.0,0.875,1.0,0.75
77,23,1,3,40,-90.0,4,3,0,False,0.2,0.25,,0.8,0.25,
78,23,1,4,50,-90.0,4,4,0,False,0.2,0.25,,0.8,0.25,
79,23,1,5,0,-165.0,4,5,0,False,0.4,0.5,,0.8,0.6666666666666666,
80,26,0,1,-10,-135.0,6,1,0,True,0.42857142857142855,0.75,0.0,0.8571428571428571,0.75,0.5
81,26,0,2,-1520,-150.0,4,2,0,False,0.2,1.0,0.0,0.8,0.0,0.6666666666666666
82,26,0,3,35,5.0,5,3,1,False,0.16666666666666666,,0.2,0.6666666666666666,,0.6666666666666666
83,26,0,4,-15,-155.0,8,4,2,False,0.1111111111111111,0.0,0.2857142857142857,0.625,1.0,0.4583333333333333
84,26,0,5,-1465,-150.0,5,5,0,False,0.0,,0.0,0.8333333333333334,,0.2
85,27,1,1,30,35.0,4,1,1,True,0.6,0.3333333333333333,1.0,1.0,0.3333333333333333,1.0
86,27,1,2,65,-80.0,3,2,0,False,0.75,1.0,,0.75,1.0,
87,27,1,3,70,60.0,4,3,2,True,1.0,1.0,1.0,1.0,1.0,1.0
88,27,1,4,40,15.0,6,4,3,False,0.42857142857142855,0.3333333333333333,1.0,0.625,0.6666666666666666,1.0
89,27,1,5,-75,-55.0,8,5,4,True,0.5555555555555556,0.75,1.0,0.6666666666666666,0.75,1.0
90,28,1,1,-40,-15.0,9,1,4,False,0.1,0.0,0.8,0.5555555555555556,0.75,1.0
91,28,1,2,-25,-15.0,13,2,3,False,0.14285714285714285,0.3333333333333333,0.3,0.5555555555555556,0.75,0.6666666666666666
92,28,1,3,60,75.0,3,3,1,True,0.75,1.0,0.5,0.75,1.0,0.5
93,28,1,4,60,-80.0,3,4,0,False,0.25,0.5,0.0,0.75,0.5,0.0
94,28,1,5,-20,-35.0,6,5,2,True,0.7142857142857143,0.75,1.0,1.0,0.75,1.0
95,30,0,1,-1440,-100.0,0,1,0,False,0.0,,,0.0,,
96,30,0,2,-25,-230.0,13,2,3,False,0.14285714285714285,0.3333333333333333,0.3,0.625,0.5,0.5833333333333333
97,30,0,3,60,60.0,4,3,2,True,0.4,0.5,1.0,0.75,0.5,1.0
98,30,0,4,20,25.0,5,4,2,False,0.16666666666666666,0.0,0.6666666666666666,0.6,0.5,0.6666666666666666
99,30,0,5,-50,-45.0,7,5,2,False,0.375,0.5,0.4,0.625,1.0,0.375
100,31,1,1,20,-115.0,4,1,0,False,0.6,0.75,,0.8,0.75,
101,31,1,2,55,50.0,5,2,2,True,0.5,1.0,0.5,1.0,1.0,0.75
102,31,1,3,-1455,-85.0,2,3,0,True,0.3333333333333333,1.0,0.0,0.6666666666666666,1.0,0.0
103,31,1,4,95,-120.0,2,4,1,True,1.0,1.0,1.0,1.0,1.0,1.0
104,31,1,5,-50,-55.0,8,5,4,True,0.5555555555555556,0.75,1.0,0.625,1.0,1.0
105,32,1,1,-65,-55.0,14,1,1,True,0.2,0.25,0.1,0.5384615384615384,0.5,0.2
106,32,1,2,65,70.0,3,2,1,True,0.75,1.0,0.5,0.75,1.0,0.5
107,32,1,3,-45,-45.0,15,3,2,True,0.3125,1.0,0.15384615384615385,0.5416666666666666,1.0,0.15384615384615385
108,32,1,4,55,55.0,2,4,1,True,1.0,1.0,1.0,1.0,1.0,1.0
109,32,1,5,-60,-55.0,8,5,4,True,0.5555555555555556,0.75,1.0,0.6666666666666666,0.75,1.0
110,34,1,1,5,25.0,5,1,1,True,0.8333333333333334,0.75,1.0,1.0,0.75,1.0
111,34,1,2,65,60.0,4,2,1,True,1.0,1.0,1.0,1.0,1.0,1.0
112,34,1,3,65,80.0,2,3,1,True,1.0,1.0,1.0,1.0,1.0,1.0
113,34,1,4,50,55.0,2,4,1,True,1.0,1.0,1.0,1.0,1.0,1.0
114,34,1,5,-40,-45.0,7,5,3,True,0.75,0.75,1.0,0.6666666666666666,1.0,1.0
120,37,0,1,-30,-180.0,8,1,3,False,0.1111111111111111,,0.375,0.5714285714285714,,0.5666666666666667
121,37,0,2,15,-30.0,9,2,4,False,0.0,,0.4444444444444444,0.4166666666666667,,0.65
122,37,0,3,55,50.0,5,3,3,False,0.16666666666666666,0.0,0.75,0.625,1.0,0.5
123,37,0,4,45,50.0,5,4,4,False,0.3333333333333333,1.0,1.0,0.6666666666666666,1.0,1.0
124,37,0,5,-75,-55.0,8,5,4,True,0.4444444444444444,0.5,1.0,0.6666666666666666,0.6666666666666666,1.0
125,38,0,1,-60,-55.0,7,1,1,False,0.125,0.0,0.16666666666666666,0.625,1.0,0.5
126,38,0,2,-70,-80.0,12,2,2,False,0.07692307692307693,0.0,0.18181818181818182,0.5625,1.0,0.625
127,38,0,3,-120,-115.0,22,3,1,False,0.043478260869565216,0.0,0.047619047619047616,0.5714285714285714,1.0,0.5333333333333333
128,38,0,4,-150,-150.0,26,4,4,False,0.037037037037037035,0.0,0.16,0.5384615384615384,1.0,0.6111111111111112
129,38,0,5,-230,-230.0,29,5,3,False,0.03333333333333333,0.0,0.10714285714285714,0.5185185185185185,1.0,0.5833333333333334
130,39,0,1,5,40.0,1,1,1,False,0.5,,1.0,1.0,,1.0
131,39,0,2,30,40.0,1,2,1,False,0.5,,1.0,1.0,,1.0
132,39,0,3,85,40.0,1,3,1,False,0.5,,1.0,1.0,,1.0
133,39,0,4,90,40.0,1,4,1,False,0.5,,1.0,1.0,,1.0
134,39,0,5,5,-100.0,0,5,0,False,0.0,,,0.0,,
140,42,1,1,20,25.0,5,1,1,True,0.5,0.25,1.0,1.0,0.25,1.0
141,42,1,2,15,20.0,8,2,2,True,0.3333333333333333,0.25,0.5,0.625,0.25,0.75
142,42,1,3,-1510,-135.0,6,3,2,True,0.42857142857142855,0.25,1.0,0.75,0.25,1.0
143,42,1,4,45,50.0,5,4,1,True,0.5,0.25,1.0,1.0,0.25,1.0
144,42,1,5,-20,-35.0,6,5,2,True,0.7142857142857143,0.75,1.0,1.0,0.75,1.0
145,43,0,1,-55,-45.0,12,1,1,True,0.3076923076923077,0.5,0.125,0.6,0.6666666666666666,0.6
146,43,0,2,35,-115.0,7,2,0,True,0.375,1.0,0.0,0.875,1.0,0.75
147,43,0,3,35,-115.0,7,3,0,True,0.125,1.0,0.0,0.875,1.0,0.8333333333333334
148,43,0,4,20,-130.0,7,4,0,True,0.125,1.0,0.0,0.875,1.0,0.8333333333333334
149,43,0,5,-1490,-165.0,8,5,0,False,0.3333333333333333,1.0,0.0,0.8888888888888888,1.0,0.8
155,45,1,1,40,45.0,3,1,1,True,0.75,1.0,0.5,0.75,1.0,0.5
156,45,1,2,65,70.0,3,2,1,True,0.75,1.0,0.5,0.75,1.0,0.5
157,45,1,3,60,50.0,5,3,2,True,0.8333333333333334,1.0,0.6666666666666666,0.75,1.0,0.6666666666666666
158,45,1,4,70,45.0,3,4,1,True,0.75,1.0,0.5,0.75,1.0,0.5
159,45,1,5,-30,-45.0,7,5,2,True,0.625,0.75,0.6666666666666666,0.75,0.75,0.6666666666666666
160,46,1,1,15,-135.0,6,1,0,True,0.42857142857142855,0.75,0.0,0.8571428571428571,0.5,0.0
161,46,1,2,65,-80.0,3,2,0,False,0.75,1.0,,0.75,1.0,
162,46,1,3,80,-60.0,1,3,0,False,0.5,1.0,,0.5,1.0,
163,46,1,4,95,-60.0,1,4,0,False,0.5,1.0,,0.5,1.0,
164,46,1,5,-1455,-115.0,4,5,0,False,0.6,0.75,,0.8,0.75,
165,48,1,1,45,-105.0,3,1,0,False,0.25,0.3333333333333333,,0.75,0.3333333333333333,
166,48,1,2,85,-70.0,2,2,0,False,0.6666666666666666,1.0,,0.6666666666666666,1.0,
167,48,1,3,75,-60.0,1,3,0,False,0.5,1.0,,0.5,1.0,
168,48,1,4,70,-80.0,3,4,0,False,0.25,0.3333333333333333,,0.75,0.3333333333333333,
169,48,1,5,-1470,-115.0,4,5,0,False,0.4,0.5,,0.8,0.6666666666666666,
170,49,0,1,65,-110.0,1,1,0,False,0.0,,0.0,0.5,,0.0
171,49,0,2,0,10.0,4,2,4,False,0.0,,1.0,0.25,,1.0
172,49,0,3,65,30.0,2,3,1,False,0.3333333333333333,,0.5,1.0,,1.0
173,49,0,4,50,30.0,2,4,1,False,0.3333333333333333,,0.5,1.0,,1.0
174,49,0,5,-5,-5.0,3,5,1,False,0.75,1.0,1.0,1.0,0.5,1.0
180,51,1,1,50,55.0,2,1,1,True,1.0,1.0,1.0,1.0,1.0,1.0
181,51,1,2,75,80.0,2,2,1,True,1.0,1.0,1.0,1.0,1.0,1.0
182,51,1,3,70,60.0,4,3,2,True,1.0,1.0,1.0,1.0,1.0,1.0
183,51,1,4,80,55.0,2,4,1,True,1.0,1.0,1.0,1.0,1.0,1.0
184,51,1,5,-30,-45.0,7,5,3,True,0.625,0.75,1.0,0.75,0.75,1.0
185,53,1,1,60,-110.0,1,1,0,False,0.0,,0.0,0.5,,0.0
186,53,1,2,-1520,-110.0,1,2,0,False,0.0,,0.0,0.5,,0.0
187,53,1,3,-1440,-110.0,1,3,0,False,0.0,,0.0,0.5,,0.0
188,53,1,4,90,-100.0,0,4,0,False,0.0,,,0.0,,
189,53,1,5,40,-100.0,0,5,0,False,0.0,,,0.0,,
190,54,0,1,-25,-140.0,4,1,1,False,0.2,,0.25,0.625,,0.16666666666666666
191,54,0,2,-1505,-110.0,1,2,1,False,0.5,,1.0,1.0,,1.0
192,54,0,3,-1505,-125.0,3,3,0,False,0.0,,0.0,0.75,,0.6666666666666666
193,54,0,4,75,-100.0,0,4,0,False,0.0,,,0.0,,
194,54,0,5,-10,-100.0,0,5,0,False,0.0,,,0.0,,
195,55,0,1,10,-115.0,4,1,0,False,0.6,1.0,0.0,0.8,1.0,0.0
196,55,0,2,55,-90.0,4,2,0,False,0.2,1.0,0.0,0.8,1.0,0.0
197,55,0,3,50,-90.0,5,3,0,True,0.3333333333333333,1.0,0.0,0.8333333333333334,1.0,0.6666666666666666
198,55,0,4,50,-100.0,7,4,0,True,0.125,0.5,0.0,0.875,0.5,0.8
199,55,0,5,-1475,-125.0,7,5,0,True,0.125,0.25,0.0,0.875,0.25,0.6666666666666666
200,56,0,1,-1465,-145.0,2,1,0,False,0.6666666666666666,1.0,,0.6666666666666666,0.5,
201,56,0,2,5,10.0,4,2,2,True,0.4,1.0,0.6666666666666666,0.75,0.0,0.6666666666666666
202,56,0,3,65,20.0,3,3,2,False,0.25,,0.6666666666666666,1.0,,1.0
203,56,0,4,50,30.0,2,4,1,False,0.3333333333333333,,0.5,0.75,,0.5
204,56,0,5,-20,30.0,2,5,1,False,0.3333333333333333,,0.5,1.0,,1.0
205,57,1,1,-1485,-160.0,4,1,0,True,0.6,1.0,0.0,0.8,1.0,0.0
206,57,1,2,35,30.0,7,2,3,False,0.125,0.0,0.75,0.5714285714285714,0.6666666666666666,1.0
207,57,1,3,20,35.0,8,3,2,True,0.3333333333333333,0.5,0.3333333333333333,0.5714285714285714,1.0,0.8333333333333334
208,57,1,4,55,45.0,6,4,1,True,0.42857142857142855,0.3333333333333333,0.3333333333333333,0.75,0.3333333333333333,0.75
209,57,1,5,-1465,-105.0,3,5,0,False,0.75,1.0,,0.75,1.0,
215,59,1,1,-45,-60.0,6,1,2,True,0.42857142857142855,1.0,0.5,0.75,0.5,0.5
216,59,1,2,-25,-20.0,12,2,4,True,0.23076923076923078,0.25,0.5,0.5625,0.25,0.7857142857142857
217,59,1,3,40,40.0,6,3,3,True,0.7142857142857143,0.6666666666666666,1.0,1.0,0.5,1.0
218,59,1,4,45,45.0,3,4,1,True,0.75,1.0,0.5,0.75,1.0,0.5
219,59,1,5,-25,-5.0,3,5,1,True,0.5,1.0,0.5,0.75,0.0,0.5
220,60,0,1,-1545,-180.0,8,1,0,False,0.0,,0.0,0.8888888888888888,,0.5
221,60,0,2,-50,-50.0,10,2,4,False,0.0,,0.4,0.4444444444444444,,0.8
222,60,0,3,-30,-30.0,14,3,4,False,0.06666666666666667,0.0,0.3333333333333333,0.5357142857142857,0.5,0.8333333333333334
223,60,0,4,-30,-30.0,12,4,3,False,0.15384615384615385,0.3333333333333333,0.3333333333333333,0.55,0.3333333333333333,0.8888888888888888
224,60,0,5,-75,-70.0,11,5,4,False,0.08333333333333333,0.0,0.5,0.5454545454545454,0.3333333333333333,0.875
225,62,1,1,-10,0.0,5,1,2,True,0.6666666666666666,0.6666666666666666,1.0,0.75,0.75,1.0
226,62,1,2,85,80.0,2,2,1,True,1.0,1.0,1.0,1.0,1.0,1.0
227,62,1,3,45,40.0,6,3,2,True,0.5714285714285714,0.5,1.0,0.6666666666666666,0.3333333333333333,1.0
228,62,1,4,70,55.0,2,4,1,True,1.0,1.0,1.0,1.0,1.0,1.0
229,62,1,5,-20,-35.0,6,5,2,True,0.2857142857142857,0.25,1.0,0.6,0.3333333333333333,1.0
230,63,0,1,-1490,-130.0,5,1,0,False,0.0,,0.0,0.8333333333333334,,0.2
231,63,0,2,-1520,-125.0,3,2,1,False,0.25,,0.3333333333333333,0.6666666666666666,,0.75
232,63,0,3,35,-15.0,7,3,2,False,0.125,,0.2857142857142857,0.5833333333333334,,0.7083333333333333
233,63,0,4,15,-120.0,6,4,0,False,0.14285714285714285,1.0,0.0,0.8571428571428571,1.0,0.4
234,63,0,5,-60,-80.0,11,5,4,False,0.08333333333333333,0.0,0.5714285714285714,0.5454545454545454,0.5,0.9
235,64,1,1,45,55.0,2,1,1,True,1.0,1.0,1.0,1.0,1.0,1.0
236,64,1,2,0,-15.0,4,2,2,True,0.4,0.5,1.0,0.6666666666666666,0.5,1.0
237,64,1,3,-1500,-160.0,6,3,3,True,0.5714285714285714,0.6666666666666666,1.0,0.6666666666666666,0.5,1.0
238,64,1,4,-20,-5.0,9,4,4,True,0.3,0.25,0.8,0.5625,0.75,0.8
239,64,1,5,-45,-170.0,7,5,3,False,0.125,0.0,0.75,0.5714285714285714,0.6666666666666666,0.75
245,66,0,1,-30,-5.0,8,1,4,False,0.3333333333333333,0.5,1.0,0.625,0.6666666666666666,1.0
246,66,0,2,25,20.0,8,2,2,False,0.2222222222222222,0.25,0.5,0.625,0.25,1.0
247,66,0,3,-20,-15.0,12,3,2,False,0.15384615384615385,0.25,0.25,0.5625,0.25,0.625
248,66,0,4,55,-90.0,4,4,0,False,0.2,0.25,,0.8,0.25,
249,66,0,5,-65,-65.0,9,5,3,True,0.6,0.75,0.6,0.625,0.75,1.0
260,70,1,1,40,45.0,3,1,1,True,0.75,1.0,0.5,0.75,1.0,0.5
261,70,1,2,65,70.0,3,2,1,True,0.75,1.0,0.5,0.75,1.0,0.5
262,70,1,3,-1500,-1475.0,5,3,2,True,0.8333333333333334,1.0,0.6666666666666666,0.75,1.0,0.6666666666666666
263,70,1,4,70,45.0,3,4,1,True,0.75,1.0,0.5,0.75,1.0,0.5
264,70,1,5,-20,-35.0,6,5,2,True,0.7142857142857143,0.75,1.0,1.0,0.75,1.0
265,71,0,1,-1465,-145.0,2,1,0,False,0.6666666666666666,1.0,,0.6666666666666666,0.5,
266,71,0,2,15,-5.0,3,2,2,False,0.25,0.0,1.0,0.6666666666666666,1.0,1.0
267,71,0,3,65,60.0,4,3,2,True,0.4,0.5,1.0,0.75,0.5,1.0
268,71,0,4,25,20.0,8,4,4,False,0.1111111111111111,0.0,1.0,0.5625,1.0,1.0
269,71,0,5,-55,-55.0,8,5,4,True,0.2222222222222222,0.25,1.0,0.5714285714285714,0.3333333333333333,1.0
270,72,1,1,-65,-20.0,8,1,2,False,0.1111111111111111,,0.25,0.6,,0.6666666666666666
271,72,1,2,-80,-70.0,12,2,1,False,0.15384615384615385,1.0,0.09090909090909091,0.6,0.0,0.43333333333333335
272,72,1,3,35,-115.0,7,3,1,False,0.125,0.5,0.2,0.875,1.0,0.875
273,72,1,4,70,-85.0,1,4,0,False,0.5,1.0,,0.5,1.0,
274,72,1,5,5,-15.0,4,5,1,True,0.6,1.0,0.5,1.0,0.5,1.0
280,74,1,1,-1460,-145.0,2,1,0,False,0.6666666666666666,1.0,,0.6666666666666666,0.5,
281,74,1,2,-1530,-145.0,2,2,0,False,0.6666666666666666,1.0,,0.6666666666666666,0.5,
282,74,1,3,70,60.0,4,3,2,True,0.6,0.5,1.0,0.6666666666666666,1.0,1.0
283,74,1,4,35,35.0,4,4,2,True,0.6,0.5,1.0,0.6666666666666666,1.0,1.0
284,74,1,5,-10,-25.0,5,5,2,True,0.3333333333333333,0.5,0.6666666666666666,0.625,0.5,0.6666666666666666
285,75,1,1,40,45.0,3,1,1,True,0.75,1.0,0.5,0.75,1.0,0.5
286,75,1,2,65,70.0,3,2,1,True,0.75,1.0,0.5,0.75,1.0,0.5
287,75,1,3,-1480,-1455.0,3,3,1,True,0.75,1.0,1.0,0.75,1.0,1.0
288,75,1,4,70,45.0,3,4,1,True,0.75,1.0,0.5,0.75,1.0,0.5
289,75,1,5,-30,-45.0,7,5,3,True,0.75,0.75,1.0,0.75,0.75,1.0
290,76,1,1,5,15.0,6,1,1,True,0.42857142857142855,0.25,0.5,0.75,0.25,0.5
291,76,1,2,90,-60.0,1,2,0,False,0.5,1.0,,0.5,1.0,
292,76,1,3,80,-70.0,2,3,0,False,0.3333333333333333,0.5,,0.6666666666666666,0.5,
293,76,1,4,50,-90.0,4,4,0,False,0.2,0.25,,0.8,0.25,
294,76,1,5,-1470,-115.0,4,5,0,False,0.6,0.75,,0.8,0.75,
305,79,0,1,-45,-25.0,10,1,4,False,0.18181818181818182,1.0,0.4444444444444444,0.5833333333333334,1.0,0.9375
306,79,0,2,-5,5.0,10,2,4,False,0.18181818181818182,1.0,0.4444444444444444,0.5555555555555556,1.0,0.5555555555555556
307,79,0,3,75,-70.0,2,3,1,False,0.3333333333333333,1.0,1.0,0.6666666666666666,1.0,1.0
308,79,0,4,25,25.0,5,4,3,False,0.3333333333333333,0.5,1.0,0.625,0.5,1.0
309,79,0,5,-35,15.0,4,5,3,False,0.0,,0.75,0.3333333333333333,,0.75
310,80,1,1,30,-95.0,2,1,0,False,0.3333333333333333,1.0,0.0,0.6666666666666666,1.0,0.0
311,80,1,2,70,-80.0,3,2,0,False,0.75,1.0,,0.75,1.0,
312,80,1,3,50,65.0,5,3,1,True,0.5,1.0,0.25,0.625,1.0,0.25
313,80,1,4,40,45.0,5,4,1,True,0.5,1.0,0.25,0.625,1.0,0.25
314,80,1,5,-90,-90.0,15,5,3,True,0.375,0.75,0.2727272727272727,0.55,0.75,0.2
315,81,1,1,30,-115.0,4,1,1,True,0.4,0.3333333333333333,1.0,0.6666666666666666,0.25,1.0
316,81,1,2,70,-80.0,3,2,0,False,0.75,1.0,,0.75,1.0,
317,81,1,3,90,-70.0,2,3,0,False,0.3333333333333333,0.5,,0.6666666666666666,0.5,
318,81,1,4,70,-105.0,3,4,0,False,0.25,0.3333333333333333,,0.75,0.3333333333333333,
319,81,1,5,-1455,-115.0,4,5,0,False,0.6,0.75,,0.8,0.75,
320,82,0,1,-15,-110.0,1,1,0,False,0.0,,0.0,0.5,,0.0
321,82,0,2,85,-110.0,1,2,0,False,0.0,,0.0,0.5,,0.0
322,82,0,3,100,-110.0,1,3,0,False,0.0,,0.0,0.5,,0.0
323,82,0,4,60,-110.0,1,4,0,False,0.0,,0.0,0.5,,0.0
324,82,0,5,20,-100.0,0,5,0,False,0.0,,,0.0,,
325,83,0,1,-5,-140.0,6,1,0,True,0.42857142857142855,0.75,0.0,0.8571428571428571,0.75,0.5
326,83,0,2,30,-95.0,5,2,0,True,0.16666666666666666,0.3333333333333333,0.0,0.8333333333333334,0.3333333333333333,0.5
327,83,0,3,-1500,-140.0,6,3,0,False,0.14285714285714285,1.0,0.0,0.8571428571428571,1.0,0.6
328,83,0,4,50,-95.0,4,4,0,True,0.2,0.5,0.0,0.8,0.5,0.5
329,83,0,5,-1445,-105.0,3,5,0,False,0.25,0.3333333333333333,,0.75,0.3333333333333333,
330,84,0,1,-85,-85.0,16,1,4,False,0.11764705882352941,0.25,0.3333333333333333,0.5333333333333333,0.3333333333333333,0.875
331,84,0,2,-65,-60.0,16,2,3,False,0.29411764705882354,0.75,0.25,0.5416666666666666,0.75,0.3333333333333333
332,84,0,3,-45,-175.0,13,3,1,True,0.21428571428571427,0.5,0.1111111111111111,0.5833333333333334,0.6666666666666666,0.35
333,84,0,4,-25,-170.0,11,4,0,True,0.08333333333333333,0.5,0.0,0.9166666666666666,0.5,0.5555555555555556
334,84,0,5,-1515,-175.0,11,5,0,True,0.25,0.75,0.0,0.9166666666666666,0.75,0.8571428571428571
335,86,0,1,15,25.0,5,1,1,True,0.8333333333333334,1.0,0.5,0.75,1.0,0.5
336,86,0,2,85,80.0,2,2,1,True,1.0,1.0,1.0,1.0,1.0,1.0
337,86,0,3,90,80.0,2,3,1,True,1.0,1.0,1.0,1.0,1.0,1.0
338,86,0,4,80,-60.0,1,4,0,False,0.5,1.0,,0.5,1.0,
339,86,0,5,20,-145.0,2,5,0,False,0.6666666666666666,1.0,,0.6666666666666666,0.5,
340,87,1,1,-45,-140.0,4,1,2,True,0.6,1.0,1.0,1.0,0.5,1.0
341,87,1,2,45,40.0,6,2,3,True,0.42857142857142855,0.6666666666666666,1.0,0.6666666666666666,0.5,1.0
342,87,1,3,50,40.0,6,3,3,True,0.42857142857142855,0.3333333333333333,1.0,0.6,1.0,1.0
343,87,1,4,55,-100.0,5,4,2,True,0.5,0.3333333333333333,1.0,0.625,1.0,1.0
344,87,1,5,5,-100.0,0,5,0,False,0.0,,,0.0,,
345,88,1,1,20,-125.0,5,1,0,True,0.16666666666666666,0.25,0.0,0.8333333333333334,0.25,0.0
346,88,1,2,15,-105.0,6,2,0,True,0.14285714285714285,0.3333333333333333,0.0,0.8571428571428571,0.3333333333333333,0.6666666666666666
347,88,1,3,95,-70.0,2,3,0,False,0.3333333333333333,0.5,,0.6666666666666666,0.5,
348,88,1,4,75,-75.0,3,4,0,True,0.25,1.0,0.0,0.75,1.0,0.5
349,88,1,5,-1475,-115.0,4,5,0,False,0.6,0.75,,0.8,0.75,
350,89,0,1,-105,-95.0,10,1,3,False,0.2727272727272727,0.6666666666666666,0.42857142857142855,0.5625,0.75,0.7142857142857143
351,89,0,2,10,10.0,9,2,3,True,0.5,1.0,0.5,0.5833333333333334,1.0,0.8333333333333334
352,89,0,3,15,20.0,8,3,4,False,0.2222222222222222,0.25,1.0,0.6,0.5,1.0
353,89,0,4,40,15.0,6,4,2,True,0.42857142857142855,0.3333333333333333,0.6666666666666666,0.6666666666666666,0.3333333333333333,1.0
354,89,0,5,-25,-35.0,6,5,3,False,0.5714285714285714,1.0,1.0,0.6666666666666666,1.0,1.0
355,90,0,1,-10,-110.0,1,1,0,False,0.0,,0.0,0.5,,0.0
356,90,0,2,-1505,-110.0,1,2,0,False,0.0,,0.0,0.5,,0.0
357,90,0,3,-1465,-130.0,3,3,1,False,0.25,,0.3333333333333333,0.6666666666666666,,0.25
358,90,0,4,90,-100.0,0,4,0,False,0.0,,,0.0,,
359,90,0,5,40,-100.0,0,5,0,False,0.0,,,0.0,,
360,91,0,1,15,15.0,6,1,4,False,0.14285714285714285,0.0,0.8,0.6,1.0,0.5
361,91,0,2,40,40.0,6,2,4,False,0.42857142857142855,1.0,1.0,0.625,1.0,1.0
362,91,0,3,70,80.0,2,3,1,True,1.0,1.0,1.0,1.0,1.0,1.0
363,91,0,4,30,40.0,6,4,4,False,0.14285714285714285,0.0,0.8,0.6666666666666666,0.0,1.0
364,91,0,5,-60,-205.0,8,5,3,False,0.1111111111111111,0.0,0.6,0.5714285714285714,0.3333333333333333,0.875
365,92,1,1,-50,-130.0,3,1,0,False,0.75,1.0,,0.75,1.0,
366,92,1,2,60,-90.0,4,2,1,True,0.6,1.0,1.0,0.8,0.75,1.0
367,92,1,3,45,50.0,5,3,2,False,0.8333333333333334,1.0,0.6666666666666666,1.0,1.0,0.5
368,92,1,4,80,80.0,2,4,1,False,0.3333333333333333,0.0,1.0,0.75,1.0,1.0
369,92,1,5,-20,-15.0,4,5,2,False,0.2,0.0,1.0,0.625,1.0,1.0
375,94,0,1,-145,-145.0,22,1,4,False,0.08695652173913043,0.25,0.2222222222222222,0.5294117647058824,0.25,0.3035714285714286
376,94,0,2,80,80.0,2,2,1,True,1.0,1.0,1.0,1.0,1.0,1.0
377,94,0,3,65,-80.0,4,3,0,True,0.2,0.5,0.0,0.8,0.5,0.5
378,94,0,4,30,40.0,6,4,1,True,0.42857142857142855,0.25,0.5,0.75,0.25,0.5
379,94,0,5,-1475,-130.0,6,5,0,True,0.42857142857142855,0.75,0.0,0.8571428571428571,0.75,0.5
385,96,0,1,-420,-420.0,49,1,4,False,0.04,0.25,0.08888888888888889,0.5142857142857142,0.5,0.5700000000000001
386,96,0,2,80,-120.0,2,2,2,False,0.3333333333333333,,1.0,0.75,,1.0
387,96,0,3,90,80.0,2,3,1,True,1.0,1.0,1.0,1.0,1.0,1.0
388,96,0,4,85,-70.0,2,4,0,False,0.3333333333333333,0.5,,0.6666666666666666,0.5,
389,96,0,5,-50,-45.0,7,5,3,True,0.625,0.75,1.0,0.75,0.75,1.0
390,97,1,1,45,-120.0,2,1,0,False,0.0,,0.0,0.6666666666666666,,0.0
391,97,1,2,20,-120.0,2,2,0,False,0.0,,0.0,0.6666666666666666,,0.0
392,97,1,3,-1500,-130.0,3,3,0,False,0.0,,0.0,0.75,,0.0
393,97,1,4,45,-130.0,3,4,0,False,0.0,,0.0,0.75,,0.0
394,97,1,5,-10,-110.0,1,5,0,False,0.0,,0.0,0.5,,0.0
395,98,1,1,-5,15.0,6,1,1,True,0.42857142857142855,0.25,0.5,0.75,0.25,0.5
396,98,1,2,85,-60.0,1,2,0,False,0.5,1.0,,0.5,1.0,
397,98,1,3,80,-75.0,3,3,0,True,0.25,0.5,0.0,0.75,0.5,0.0
398,98,1,4,70,50.0,5,4,1,True,0.5,0.25,1.0,1.0,0.25,1.0
399,98,1,5,-1470,-115.0,5,5,0,True,0.5,0.75,0.0,0.8333333333333334,0.75,0.0
400,99,0,1,-25,-15.0,9,1,4,False,0.2,1.0,0.5,0.6,1.0,0.4166666666666667
401,99,0,2,0,0.0,10,2,4,False,0.2727272727272727,1.0,0.5,0.5833333333333334,1.0,0.6666666666666667
402,99,0,3,0,15.0,9,3,4,False,0.1,0.0,0.5714285714285714,0.5625,0.5,0.4166666666666667
403,99,0,4,25,-5.0,9,4,3,False,0.2,0.3333333333333333,0.5,0.5625,0.3333333333333333,0.6666666666666666
404,99,0,5,-85,-75.0,11,5,4,False,0.08333333333333333,0.0,0.5714285714285714,0.5454545454545454,0.25,0.7142857142857143
410,102,0,1,60,-110.0,1,1,0,False,0.0,,0.0,0.5,,0.0
411,102,0,2,85,-110.0,1,2,1,False,0.5,,1.0,1.0,,1.0
412,102,0,3,-1460,-110.0,1,3,0,False,0.0,,0.0,0.5,,0.0
413,102,0,4,55,40.0,1,4,1,False,0.5,,1.0,1.0,,1.0
414,102,0,5,5,-100.0,0,5,0,False,0.0,,,0.0,,
420,105,0,1,-145,-160.0,16,1,4,False,0.058823529411764705,0.0,0.3333333333333333,0.5333333333333333,0.5,0.6818181818181819
421,105,0,2,-10,-15.0,5,2,1,False,0.16666666666666666,0.0,0.25,0.625,1.0,0.8333333333333333
422,105,0,3,-1490,-100.0,0,3,0,False,0.0,,,0.0,,
423,105,0,4,-15,-15.0,11,4,1,False,0.08333333333333333,0.0,0.1,0.5454545454545454,1.0,0.2
424,105,0,5,-80,-80.0,8,5,3,False,0.1111111111111111,0.0,0.6,0.5625,0.6666666666666666,0.8
425,106,1,1,20,-125.0,5,1,0,False,0.16666666666666666,0.25,0.0,0.8333333333333334,0.5,0.0
426,106,1,2,45,40.0,6,2,2,False,0.2857142857142857,0.25,1.0,1.0,0.25,1.0
427,106,1,3,-55,-55.0,15,3,2,True,0.1875,0.3333333333333333,0.16666666666666666,0.5416666666666666,0.3333333333333333,0.5
428,106,1,4,40,15.0,6,4,3,False,0.2857142857142857,0.3333333333333333,1.0,0.6666666666666666,0.3333333333333333,1.0
429,106,1,5,-1455,-115.0,4,5,0,False,0.6,0.75,,0.8,0.75,
430,107,0,1,-5,-155.0,6,1,0,False,0.0,,0.0,0.8571428571428571,,0.3333333333333333
431,107,0,2,5,-175.0,8,2,1,False,0.1111111111111111,,0.125,0.5625,,0.75
432,107,0,3,-1525,-140.0,5,3,0,False,0.0,,0.0,0.8333333333333334,,0.4
433,107,0,4,70,-100.0,0,4,0,False,0.0,,,0.0,,
434,107,0,5,-5,-120.0,3,5,0,False,0.0,,0.0,0.75,,0.0
435,108,1,1,15,-100.0,0,1,0,False,0.0,,,0.0,,
436,108,1,2,10,-5.0,3,2,1,False,0.75,1.0,1.0,1.0,0.5,1.0
437,108,1,3,100,-60.0,1,3,0,False,0.5,1.0,,0.5,1.0,
438,108,1,4,50,55.0,2,4,1,True,1.0,1.0,1.0,1.0,1.0,1.0
439,108,1,5,0,-145.0,2,5,0,False,0.6666666666666666,1.0,,0.6666666666666666,0.5,
440,109,0,1,-130,-120.0,18,1,2,False,0.2631578947368421,0.75,0.14285714285714285,0.5416666666666666,0.75,0.5666666666666667
441,109,0,2,40,30.0,6,2,1,False,0.42857142857142855,1.0,0.2,0.625,1.0,0.125
442,109,0,3,25,25.0,8,3,1,True,0.3333333333333333,1.0,0.14285714285714285,0.6,1.0,0.6
443,109,0,4,35,-120.0,8,4,0,True,0.1111111111111111,0.3333333333333333,0.0,0.8888888888888888,0.3333333333333333,0.8
444,109,0,5,-65,-75.0,11,5,2,False,0.4166666666666667,1.0,0.25,0.625,1.0,0.5333333333333333
445,110,1,1,0,-170.0,7,1,1,True,0.25,1.0,0.16666666666666666,0.6666666666666666,0.0,0.6666666666666666
446,110,1,2,25,-170.0,7,2,1,True,0.125,1.0,0.16666666666666666,0.875,0.0,0.6666666666666666
447,110,1,3,-1505,-170.0,7,3,1,True,0.375,1.0,0.16666666666666666,0.6666666666666666,1.0,0.6666666666666666
448,110,1,4,10,10.0,7,4,1,True,0.375,1.0,0.16666666666666666,0.6666666666666666,1.0,0.6666666666666666
449,110,1,5,-50,-50.0,7,5,1,True,0.25,1.0,0.16666666666666666,0.6666666666666666,0.0,0.6666666666666666
450,111,1,1,0,10.0,7,1,1,True,0.375,0.25,0.3333333333333333,0.6666666666666666,0.25,0.3333333333333333
451,111,1,2,55,-85.0,4,2,0,True,0.2,1.0,0.0,0.8,1.0,0.6666666666666666
452,111,1,3,40,-105.0,7,3,0,True,0.125,1.0,0.0,0.875,1.0,0.8333333333333334
453,111,1,4,35,-115.0,5,4,0,True,0.16666666666666666,1.0,0.0,0.8333333333333334,1.0,0.75
454,111,1,5,-1485,-130.0,7,5,0,True,0.375,0.75,0.0,0.875,0.75,0.6666666666666666
455,112,1,1,65,-110.0,1,1,0,False,0.0,,0.0,0.5,,0.0
456,112,1,2,30,-110.0,1,2,0,False,0.0,,0.0,0.5,,0.0
457,112,1,3,80,-110.0,1,3,0,False,0.0,,0.0,0.5,,0.0
458,112,1,4,110,-110.0,1,4,0,False,0.0,,0.0,0.5,,0.0
459,112,1,5,5,-100.0,0,5,0,False,0.0,,,0.0,,
460,113,0,1,-140,-140.0,21,1,1,True,0.13636363636363635,0.25,0.058823529411764705,0.5833333333333334,0.25,0.7166666666666667
461,113,0,2,85,-60.0,1,2,0,False,0.5,1.0,,0.5,1.0,
462,113,0,3,85,-70.0,2,3,0,False,0.3333333333333333,0.5,,0.6666666666666666,0.5,
463,113,0,4,65,-90.0,4,4,0,False,0.2,0.25,,0.8,0.25,
464,113,0,5,-1460,-115.0,4,5,0,False,0.6,0.75,,0.8,0.75,
465,114,1,1,-1460,-145.0,2,1,0,False,0.6666666666666666,1.0,,0.6666666666666666,0.5,
466,114,1,2,10,-5.0,3,2,1,True,0.5,0.5,1.0,0.75,0.5,1.0
467,114,1,3,80,80.0,2,3,1,True,1.0,1.0,1.0,1.0,1.0,1.0
468,114,1,4,70,-85.0,1,4,0,False,0.5,1.0,,0.5,1.0,
469,114,1,5,-1435,-110.0,1,5,0,False,0.5,1.0,,0.5,0.0,
475,116,0,1,-405,-405.0,41,1,4,False,0.047619047619047616,0.25,0.10810810810810811,0.5151515151515151,0.25,0.48039215686274506
476,116,0,2,-30,-5.0,11,2,4,False,0.16666666666666666,0.25,0.5714285714285714,0.55,0.25,0.7142857142857143
477,116,0,3,35,20.0,8,3,4,False,0.1111111111111111,0.0,0.6666666666666666,0.5625,0.5,1.0
478,116,0,4,25,20.0,8,4,4,False,0.2222222222222222,0.25,1.0,0.5833333333333334,0.25,1.0
479,116,0,5,-105,-85.0,13,5,4,False,0.21428571428571427,0.6666666666666666,0.4,0.55,0.75,0.9
480,117,1,1,10,15.0,6,1,1,True,0.42857142857142855,0.25,0.5,0.75,0.25,0.5
481,117,1,2,75,80.0,2,2,1,True,1.0,1.0,1.0,1.0,1.0,1.0
482,117,1,3,60,70.0,3,3,1,True,0.75,0.5,1.0,1.0,0.5,1.0
483,117,1,4,45,50.0,5,4,1,True,0.5,0.25,1.0,1.0,0.25,1.0
484,117,1,5,-1455,-115.0,4,5,0,False,0.6,0.75,,0.8,0.75,
