,Participant,Condition,TrialId,Score,ExpectedScore,NumClicks,TestEnv
0,0,0,8,270,270,9,8
1,0,0,9,220,220,16,9
2,0,0,10,236,236,23,10
3,0,0,11,291,291,10,11
4,0,0,12,207,207,13,12
5,0,0,13,301,301,17,13
6,0,0,14,256,255,16,14
7,0,0,15,120,120,20,15
8,0,0,16,202,206,13,16
9,0,0,17,74,74,18,17
10,0,0,18,257,257,7,18
11,0,0,19,217,217,26,19
12,0,0,20,248,248,9,20
13,0,0,21,-102,-11,11,21
14,0,0,22,169,169,20,22
15,2,1,8,280,280,25,8
16,2,1,9,215,212,21,9
17,2,1,10,238,238,21,10
18,2,1,11,289,291,20,11
19,2,1,12,227,175,10,12
20,2,1,13,294,294,24,13
21,2,1,14,258,258,26,14
22,2,1,15,110,0,0,15
23,2,1,16,240,240,24,16
24,2,1,17,-24,0,0,17
25,2,1,18,242,242,22,18
26,2,1,19,211,211,32,19
27,2,1,20,131,131,26,20
28,2,1,21,276,276,26,21
29,2,1,22,163,163,26,22
30,4,3,8,237,231,13,8
31,4,3,9,219,216,17,9
32,4,3,10,244,246,15,10
33,4,3,11,298,292,11,11
34,4,3,12,204,201,16,12
35,4,3,13,307,342,11,13
36,4,3,14,268,263,16,14
37,4,3,15,166,179,17,15
38,4,3,16,244,248,20,16
39,4,3,17,76,81,24,17
40,4,3,18,244,233,20,18
41,4,3,19,224,215,19,19
42,4,3,20,292,284,17,20
43,4,3,21,283,281,19,21
44,4,3,22,172,178,17,22
45,6,3,8,296,286,9,8
46,6,3,9,226,226,10,9
47,6,3,10,113,106,22,10
48,6,3,11,173,173,14,11
49,6,3,12,211,211,26,12
50,6,3,13,149,149,12,13
51,6,3,14,-234,-22,22,14
52,6,3,15,-176,-242,21,15
53,6,3,16,245,245,19,16
54,6,3,17,68,68,32,17
55,6,3,18,238,195,9,18
56,6,3,19,-143,-151,21,19
57,6,3,20,294,294,15,20
58,6,3,21,285,285,17,21
59,6,3,22,174,174,15,22
60,9,3,8,178,209,2,8
61,9,3,9,170,173,10,9
62,9,3,10,209,227,10,10
63,9,3,11,294,241,7,11
64,9,3,12,152,186,10,12
65,9,3,13,239,240,5,13
66,9,3,14,251,214,5,14
67,9,3,15,88,115,10,15
68,9,3,16,188,141,7,16
69,9,3,17,90,44,10,17
70,9,3,18,211,190,6,18
71,9,3,19,209,189,10,19
72,9,3,20,247,196,10,20
73,9,3,21,235,211,10,21
74,9,3,22,140,132,10,22
75,10,1,8,288,282,17,8
76,10,1,9,217,214,19,9
77,10,1,10,247,251,15,10
78,10,1,11,328,330,12,11
79,10,1,12,210,186,10,12
80,10,1,13,294,290,24,13
81,10,1,14,254,253,18,14
82,10,1,15,157,161,26,15
83,10,1,16,239,243,25,16
84,10,1,17,65,65,35,17
85,10,1,18,239,228,25,18
86,10,1,19,141,132,25,19
87,10,1,20,288,288,21,20
88,10,1,21,285,283,17,21
89,10,1,22,164,164,25,22
90,12,2,8,241,270,9,8
91,12,2,9,225,210,11,9
92,12,2,10,250,252,9,10
93,12,2,11,297,291,12,11
94,12,2,12,204,201,16,12
95,12,2,13,303,338,15,13
96,12,2,14,265,260,7,14
97,12,2,15,130,115,10,15
98,12,2,16,204,213,11,16
99,12,2,17,76,81,16,17
100,12,2,18,255,243,9,18
101,12,2,19,234,224,9,19
102,12,2,20,303,273,6,20
103,12,2,21,194,194,2,21
104,12,2,22,115,132,10,22
105,16,3,8,231,260,19,8
106,16,3,9,220,205,16,9
107,16,3,10,243,245,16,10
108,16,3,11,242,239,9,11
109,16,3,12,204,201,16,12
110,16,3,13,201,239,6,13
111,16,3,14,269,264,15,14
112,16,3,15,168,163,15,15
113,16,3,16,199,208,16,16
114,16,3,17,76,96,16,17
115,16,3,18,248,236,16,18
116,16,3,19,201,200,18,19
117,16,3,20,293,263,16,20
118,16,3,21,286,279,16,21
119,16,3,22,173,178,16,22
120,17,1,8,230,230,10,8
121,17,1,9,207,207,5,9
122,17,1,10,251,251,11,10
123,17,1,11,323,323,17,11
124,17,1,12,230,234,21,12
125,17,1,13,256,256,24,13
126,17,1,14,234,234,22,14
127,17,1,15,160,160,23,15
128,17,1,16,248,248,16,16
129,17,1,17,74,74,26,17
130,17,1,18,238,238,26,18
131,17,1,19,194,194,25,19
132,17,1,20,287,287,22,20
133,17,1,21,279,279,23,21
134,17,1,22,163,163,26,22
135,18,0,8,197,201,10,8
136,18,0,9,199,173,10,9
137,18,0,10,216,227,10,10
138,18,0,11,211,238,10,11
139,18,0,12,234,186,10,12
140,18,0,13,230,230,26,13
141,18,0,14,229,229,26,14
142,18,0,15,117,117,26,15
143,18,0,16,238,238,26,16
144,18,0,17,79,44,10,17
145,18,0,18,-176,0,0,18
146,18,0,19,103,103,26,19
147,18,0,20,283,283,26,20
148,18,0,21,207,211,10,21
149,18,0,22,163,163,26,22
150,19,1,8,199,203,8,8
151,19,1,9,198,181,2,9
152,19,1,10,-106,-90,2,10
153,19,1,11,-4,-29,2,11
154,19,1,12,55,28,4,12
155,19,1,13,135,134,2,13
156,19,1,14,96,98,6,14
157,19,1,15,138,133,4,15
158,19,1,16,26,23,11,16
159,19,1,17,73,5,7,17
160,19,1,18,251,220,5,18
161,19,1,19,-30,-2,8,19
162,19,1,20,95,91,5,20
163,19,1,21,-17,28,10,21
164,19,1,22,-114,-110,21,22
165,23,1,8,280,274,25,8
166,23,1,9,211,208,25,9
167,23,1,10,236,236,26,10
168,23,1,11,315,317,25,11
169,23,1,12,225,225,26,12
170,23,1,13,293,289,25,13
171,23,1,14,259,258,25,14
172,23,1,15,158,162,25,15
173,23,1,16,239,243,25,16
174,23,1,17,53,58,47,17
175,23,1,18,239,228,25,18
176,23,1,19,218,209,25,19
177,23,1,20,207,207,25,20
178,23,1,21,239,237,25,21
179,23,1,22,164,164,25,22
180,25,3,8,242,271,8,8
181,25,3,9,227,212,9,9
182,25,3,10,240,222,15,10
183,25,3,11,297,291,12,11
184,25,3,12,227,220,10,12
185,25,3,13,306,341,12,13
186,25,3,14,276,271,8,14
187,25,3,15,167,162,16,15
188,25,3,16,199,208,16,16
189,25,3,17,77,97,15,17
190,25,3,18,252,240,12,18
191,25,3,19,227,200,16,19
192,25,3,20,302,272,7,20
193,25,3,21,293,286,9,21
194,25,3,22,173,178,16,22
195,30,1,8,299,293,6,8
196,30,1,9,230,227,6,9
197,30,1,10,249,253,13,10
198,30,1,11,300,302,9,11
199,30,1,12,181,178,10,12
200,30,1,13,128,116,9,13
201,30,1,14,199,200,7,14
202,30,1,15,132,134,10,15
203,30,1,16,200,204,15,16
204,30,1,17,71,71,21,17
205,30,1,18,248,237,8,18
206,30,1,19,78,75,20,19
207,30,1,20,187,182,10,20
208,30,1,21,289,287,13,21
209,30,1,22,178,178,11,22
210,32,3,8,241,270,9,8
211,32,3,9,13,6,16,9
212,32,3,10,244,246,15,10
213,32,3,11,300,294,9,11
214,32,3,12,206,203,14,12
215,32,3,13,309,344,9,13
216,32,3,14,268,263,16,14
217,32,3,15,167,162,16,15
218,32,3,16,199,208,16,16
219,32,3,17,78,98,14,17
220,32,3,18,250,238,14,18
221,32,3,19,227,200,16,19
222,32,3,20,295,265,14,20
223,32,3,21,252,244,12,21
224,32,3,22,175,180,14,22
225,36,1,8,199,199,7,8
226,36,1,9,194,194,6,9
227,36,1,10,-40,-40,15,10
228,36,1,11,-12,-12,10,11
229,36,1,12,-228,-15,15,12
230,36,1,13,156,156,8,13
231,36,1,14,92,92,10,14
232,36,1,15,134,134,8,15
233,36,1,16,108,-19,19,16
234,36,1,17,-28,-13,15,17
235,36,1,18,224,224,5,18
236,36,1,19,121,121,8,19
237,36,1,20,73,73,8,20
238,36,1,21,30,30,14,21
239,36,1,22,-99,-106,17,22
255,39,2,8,299,293,6,8
256,39,2,9,227,224,9,9
257,39,2,10,124,124,11,10
258,39,2,11,288,290,13,11
259,39,2,12,237,241,14,12
260,39,2,13,293,289,25,13
261,39,2,14,271,271,13,14
262,39,2,15,-275,-243,22,15
263,39,2,16,244,248,20,16
264,39,2,17,74,74,26,17
265,39,2,18,238,238,26,18
266,39,2,19,217,217,26,19
267,39,2,20,292,292,17,20
268,39,2,21,281,281,21,21
269,39,2,22,165,165,24,22
270,43,2,8,274,268,5,8
271,43,2,9,229,226,7,9
272,43,2,10,120,128,15,10
273,43,2,11,178,175,9,11
274,43,2,12,88,88,7,12
275,43,2,13,159,159,5,13
276,43,2,14,251,251,9,14
277,43,2,15,117,117,19,15
278,43,2,16,119,119,16,16
279,43,2,17,55,42,22,17
280,43,2,18,257,257,7,18
281,43,2,19,77,85,21,19
282,43,2,20,85,85,8,20
283,43,2,21,159,138,10,21
284,43,2,22,182,157,5,22
285,49,2,8,295,295,10,8
286,49,2,9,227,227,9,9
287,49,2,10,244,244,18,10
288,49,2,11,315,315,25,11
289,49,2,12,229,229,22,12
290,49,2,13,293,293,25,13
291,49,2,14,263,263,21,14
292,49,2,15,142,142,41,15
293,49,2,16,221,221,43,16
294,49,2,17,-10,-10,110,17
295,49,2,18,227,227,37,18
296,49,2,19,221,221,22,19
297,49,2,20,135,135,72,20
298,49,2,21,282,282,20,21
299,49,2,22,159,159,30,22
300,51,3,8,298,268,7,8
301,51,3,9,228,213,8,9
302,51,3,10,-22,14,14,10
303,51,3,11,41,18,14,11
304,51,3,12,46,19,13,12
305,51,3,13,150,155,14,13
306,51,3,14,-38,-43,13,14
307,51,3,15,128,123,14,15
308,51,3,16,-52,6,14,16
309,51,3,17,67,43,13,17
310,51,3,18,250,238,14,18
311,51,3,19,49,30,14,19
312,51,3,20,92,71,14,20
313,51,3,21,39,39,15,21
314,51,3,22,-79,-73,17,22
315,52,1,8,245,206,5,8
316,52,1,9,180,183,12,9
317,52,1,10,248,261,7,10
318,52,1,11,304,298,5,11
319,52,1,12,81,186,10,12
320,52,1,13,308,343,10,13
321,52,1,14,274,269,10,14
322,52,1,15,163,158,20,15
323,52,1,16,203,212,12,16
324,52,1,17,78,98,14,17
325,52,1,18,253,241,11,18
326,52,1,19,231,204,12,19
327,52,1,20,303,273,6,20
328,52,1,21,293,286,9,21
329,52,1,22,176,181,13,22
330,54,0,8,289,289,16,8
331,54,0,9,213,213,23,9
332,54,0,10,237,237,22,10
333,54,0,11,319,319,21,11
334,54,0,12,212,212,25,12
335,54,0,13,292,292,26,13
336,54,0,14,258,258,26,14
337,54,0,15,45,45,138,15
338,54,0,16,102,102,25,16
339,54,0,17,64,64,25,17
340,54,0,18,212,212,17,18
341,54,0,19,222,222,21,19
342,54,0,20,290,290,19,20
343,54,0,21,283,283,19,21
344,54,0,22,146,146,43,22
360,61,2,8,229,229,21,8
361,61,2,9,214,211,22,9
362,61,2,10,241,245,18,10
363,61,2,11,326,328,14,11
364,61,2,12,231,235,20,12
365,61,2,13,302,298,16,13
366,61,2,14,264,263,20,14
367,61,2,15,164,168,19,15
368,61,2,16,244,248,20,16
369,61,2,17,77,82,23,17
370,61,2,18,242,231,22,18
371,61,2,19,224,215,19,19
372,61,2,20,289,289,20,20
373,61,2,21,278,276,24,21
374,61,2,22,168,168,21,22
375,62,1,8,284,284,21,8
376,62,1,9,210,210,26,9
377,62,1,10,237,237,25,10
378,62,1,11,315,315,25,11
379,62,1,12,212,212,39,12
380,62,1,13,293,293,25,13
381,62,1,14,258,258,26,14
382,62,1,15,116,116,67,15
383,62,1,16,238,238,26,16
384,62,1,17,74,74,26,17
385,62,1,18,240,240,24,18
386,62,1,19,217,217,26,19
387,62,1,20,285,285,24,20
388,62,1,21,276,276,26,21
389,62,1,22,163,163,26,22
390,63,2,8,287,287,18,8
391,63,2,9,217,214,19,9
392,63,2,10,255,259,7,10
393,63,2,11,324,326,16,11
394,63,2,12,203,207,17,12
395,63,2,13,264,260,16,13
396,63,2,14,240,239,15,14
397,63,2,15,127,131,16,15
398,63,2,16,198,202,17,16
399,63,2,17,70,75,19,17
400,63,2,18,239,228,17,18
401,63,2,19,221,212,22,19
402,63,2,20,296,296,13,20
403,63,2,21,288,286,14,21
404,63,2,22,129,129,21,22
405,64,3,8,238,267,12,8
406,64,3,9,220,205,16,9
407,64,3,10,243,245,16,10
408,64,3,11,297,291,12,11
409,64,3,12,204,201,16,12
410,64,3,13,307,342,11,13
411,64,3,14,271,266,13,14
412,64,3,15,167,162,16,15
413,64,3,16,250,192,14,16
414,64,3,17,77,97,15,17
415,64,3,18,243,183,13,18
416,64,3,19,226,199,17,19
417,64,3,20,295,265,14,20
418,64,3,21,286,279,16,21
419,64,3,22,171,176,18,22
420,66,0,8,294,294,11,8
421,66,0,9,201,198,11,9
422,66,0,10,-104,-104,9,10
423,66,0,11,-19,-21,8,11
424,66,0,12,-13,-14,6,12
425,66,0,13,178,175,6,13
426,66,0,14,45,48,9,14
427,66,0,15,75,77,9,15
428,66,0,16,31,23,6,16
429,66,0,17,3,-3,8,17
430,66,0,18,248,237,8,18
431,66,0,19,116,108,13,19
432,66,0,20,98,98,8,20
433,66,0,21,43,48,11,21
434,66,0,22,-106,-106,13,22
435,70,0,8,205,209,2,8
436,70,0,9,199,182,1,9
437,70,0,10,257,232,5,10
438,70,0,11,216,243,5,11
439,70,0,12,157,190,6,12
440,70,0,13,198,236,9,13
441,70,0,14,197,160,6,14
442,70,0,15,74,79,10,15
443,70,0,16,142,138,10,16
444,70,0,17,46,44,10,17
445,70,0,18,216,195,1,18
446,70,0,19,128,110,1,19
447,70,0,20,125,106,5,20
448,70,0,21,59,82,6,21
449,70,0,22,120,137,5,22
450,72,2,8,244,244,6,8
451,72,2,9,100,179,5,9
452,72,2,10,-10,-10,8,10
453,72,2,11,294,245,7,11
454,72,2,12,103,103,6,12
455,72,2,13,196,196,6,13
456,72,2,14,56,56,10,14
457,72,2,15,82,82,5,15
458,72,2,16,87,87,8,16
459,72,2,17,52,52,15,17
460,72,2,18,54,-7,7,18
461,72,2,19,56,56,7,19
462,72,2,20,102,78,4,20
463,72,2,21,53,35,6,21
464,72,2,22,139,130,6,22
465,76,1,8,192,192,14,8
466,76,1,9,99,-8,8,9
467,76,1,10,-110,-94,6,10
468,76,1,11,90,82,7,11
469,76,1,12,195,181,4,12
470,76,1,13,183,135,1,13
471,76,1,14,43,68,2,14
472,76,1,15,65,87,2,15
473,76,1,16,45,79,5,16
474,76,1,17,96,50,4,17
475,76,1,18,255,195,1,18
476,76,1,19,67,110,1,19
477,76,1,20,79,44,2,20
478,76,1,21,260,218,3,21
479,76,1,22,80,84,6,22
480,77,2,8,297,291,8,8
481,77,2,9,215,212,21,9
482,77,2,10,245,249,17,10
483,77,2,11,325,327,15,11
484,77,2,12,231,235,20,12
485,77,2,13,268,264,12,13
486,77,2,14,265,264,19,14
487,77,2,15,123,127,20,15
488,77,2,16,249,253,15,16
489,77,2,17,68,73,21,17
490,77,2,18,250,239,14,18
491,77,2,19,230,221,13,19
492,77,2,20,194,189,13,20
493,77,2,21,284,282,18,21
494,77,2,22,164,164,25,22
495,78,2,8,153,143,8,8
496,78,2,9,64,64,18,9
497,78,2,10,244,244,18,10
498,78,2,11,13,18,13,11
499,78,2,12,151,182,10,12
500,78,2,13,233,233,11,13
501,78,2,14,189,189,14,14
502,78,2,15,124,124,16,15
503,78,2,16,250,250,14,16
504,78,2,17,73,73,27,17
505,78,2,18,98,99,11,18
506,78,2,19,78,78,20,19
507,78,2,20,298,298,11,20
508,78,2,21,183,177,13,21
509,78,2,22,169,169,20,22
510,79,2,8,282,282,23,8
511,79,2,9,211,211,25,9
512,79,2,10,233,233,26,10
513,79,2,11,289,289,20,11
514,79,2,12,228,228,23,12
515,79,2,13,293,293,25,13
516,79,2,14,258,258,26,14
517,79,2,15,157,157,26,15
518,79,2,16,238,238,26,16
519,79,2,17,75,75,25,17
520,79,2,18,238,238,26,18
521,79,2,19,217,217,26,19
522,79,2,20,287,287,22,20
523,79,2,21,276,276,26,21
524,79,2,22,163,163,26,22
525,80,0,8,231,260,19,8
526,80,0,9,217,202,19,9
527,80,0,10,240,253,15,10
528,80,0,11,290,284,19,11
529,80,0,12,201,198,19,12
530,80,0,13,299,334,19,13
531,80,0,14,265,260,19,14
532,80,0,15,164,159,19,15
533,80,0,16,196,205,19,16
534,80,0,17,81,93,19,17
535,80,0,18,245,233,19,18
536,80,0,19,224,197,19,19
537,80,0,20,290,260,19,20
538,80,0,21,287,280,15,21
539,80,0,22,170,175,19,22
540,85,2,8,288,288,17,8
541,85,2,9,94,-13,13,9
542,85,2,10,-49,-37,24,10
543,85,2,11,108,105,18,11
544,85,2,12,135,135,16,12
545,85,2,13,95,90,25,13
546,85,2,14,41,44,13,14
547,85,2,15,140,137,16,15
548,85,2,16,241,245,23,16
549,85,2,17,67,61,13,17
550,85,2,18,161,166,11,18
551,85,2,19,234,225,9,19
552,85,2,20,-20,-22,26,20
553,85,2,21,251,249,13,21
554,85,2,22,163,163,26,22
555,86,1,8,293,273,12,8
556,86,1,9,220,217,16,9
557,86,1,10,246,250,16,10
558,86,1,11,294,296,15,11
559,86,1,12,205,214,15,12
560,86,1,13,202,237,13,13
561,86,1,14,240,239,15,14
562,86,1,15,107,122,13,15
563,86,1,16,245,249,19,16
564,86,1,17,64,69,25,17
565,86,1,18,245,234,19,18
566,86,1,19,224,197,19,19
567,86,1,20,292,292,17,20
568,86,1,21,253,251,13,21
569,86,1,22,172,178,17,22
570,87,0,8,296,296,9,8
571,87,0,9,226,226,10,9
572,87,0,10,-51,-51,26,10
573,87,0,11,44,44,11,11
574,87,0,12,45,45,13,12
575,87,0,13,170,170,14,13
576,87,0,14,86,86,16,14
577,87,0,15,52,52,32,15
578,87,0,16,47,47,18,16
579,87,0,17,56,56,24,17
580,87,0,18,247,247,17,18
581,87,0,19,30,30,33,19
582,87,0,20,88,88,18,20
583,87,0,21,26,26,33,21
584,87,0,22,-96,-96,34,22
585,89,0,8,124,136,7,8
586,89,0,9,199,182,1,9
587,89,0,10,127,122,6,10
588,89,0,11,313,241,7,11
589,89,0,12,210,192,4,12
590,89,0,13,247,236,9,13
591,89,0,14,198,161,5,14
592,89,0,15,84,120,5,15
593,89,0,16,110,139,9,16
594,89,0,17,6,16,12,17
595,89,0,18,228,195,1,18
596,89,0,19,195,190,9,19
597,89,0,20,109,106,6,20
598,89,0,21,235,211,10,21
599,89,0,22,102,132,10,22
600,90,3,8,240,269,10,8
601,90,3,9,223,208,13,9
602,90,3,10,221,232,5,10
603,90,3,11,300,294,9,11
604,90,3,12,207,204,13,12
605,90,3,13,306,341,12,13
606,90,3,14,277,272,7,14
607,90,3,15,167,162,16,15
608,90,3,16,79,-5,5,16
609,90,3,17,79,99,13,17
610,90,3,18,258,246,6,18
611,90,3,19,226,199,17,19
612,90,3,20,299,269,10,20
613,90,3,21,256,248,8,21
614,90,3,22,179,184,10,22
615,91,0,8,295,289,10,8
616,91,0,9,219,216,17,9
617,91,0,10,253,257,9,10
618,91,0,11,324,326,16,11
619,91,0,12,223,217,14,12
620,91,0,13,264,260,16,13
621,91,0,14,273,272,11,14
622,91,0,15,71,115,18,15
623,91,0,16,207,140,8,16
624,91,0,17,50,55,17,17
625,91,0,18,244,233,12,18
626,91,0,19,233,224,10,19
627,91,0,20,246,246,9,20
628,91,0,21,291,289,11,21
629,91,0,22,165,132,10,22
645,93,1,8,226,220,14,8
646,93,1,9,199,170,13,9
647,93,1,10,245,249,17,10
648,93,1,11,208,253,13,11
649,93,1,12,179,195,13,12
650,93,1,13,241,237,15,13
651,93,1,14,242,224,13,14
652,93,1,15,130,122,13,15
653,93,1,16,149,145,13,16
654,93,1,17,43,48,13,17
655,93,1,18,243,203,13,18
656,93,1,19,187,187,13,19
657,93,1,20,214,206,13,20
658,93,1,21,222,217,13,21
659,93,1,22,94,143,13,22
660,94,1,8,299,299,6,8
661,94,1,9,201,201,8,9
662,94,1,10,-102,-97,8,10
663,94,1,11,-11,-11,9,11
664,94,1,12,-177,-7,7,12
665,94,1,13,192,192,10,13
666,94,1,14,154,-14,14,14
667,94,1,15,70,70,14,15
668,94,1,16,35,35,7,16
669,94,1,17,74,74,6,17
670,94,1,18,242,242,14,18
671,94,1,19,103,106,11,19
672,94,1,20,97,97,9,20
673,94,1,21,-14,-14,10,21
674,94,1,22,-74,-74,12,22
675,95,2,8,294,274,11,8
676,95,2,9,228,213,8,9
677,95,2,10,243,245,16,10
678,95,2,11,287,281,15,11
679,95,2,12,204,201,16,12
680,95,2,13,302,337,16,13
681,95,2,14,274,269,10,14
682,95,2,15,166,161,17,15
683,95,2,16,252,248,12,16
684,95,2,17,76,96,16,17
685,95,2,18,257,245,7,18
686,95,2,19,231,204,12,19
687,95,2,20,300,270,9,20
688,95,2,21,295,288,7,21
689,95,2,22,175,180,14,22
690,99,3,8,295,275,10,8
691,99,3,9,192,189,8,9
692,99,3,10,248,252,11,10
693,99,3,11,302,298,7,11
694,99,3,12,213,222,7,12
695,99,3,13,249,270,12,13
696,99,3,14,272,285,12,14
697,99,3,15,126,135,14,15
698,99,3,16,250,246,14,16
699,99,3,17,78,80,11,17
700,99,3,18,250,238,14,18
701,99,3,19,226,199,17,19
702,99,3,20,246,250,9,20
703,99,3,21,257,251,9,21
704,99,3,22,176,181,13,22
705,100,3,8,297,267,8,8
706,100,3,9,175,172,10,9
707,100,3,10,247,259,12,10
708,100,3,11,298,292,11,11
709,100,3,12,226,219,11,12
710,100,3,13,193,197,9,13
711,100,3,14,274,269,10,14
712,100,3,15,172,167,11,15
713,100,3,16,116,134,11,16
714,100,3,17,74,79,18,17
715,100,3,18,256,244,8,18
716,100,3,19,226,199,17,19
717,100,3,20,146,150,11,20
718,100,3,21,293,286,9,21
719,100,3,22,180,185,9,22
720,101,3,8,292,272,13,8
721,101,3,9,219,216,17,9
722,101,3,10,243,245,16,10
723,101,3,11,289,285,13,11
724,101,3,12,233,228,18,12
725,101,3,13,299,295,19,13
726,101,3,14,255,254,17,14
727,101,3,15,166,179,17,15
728,101,3,16,202,196,13,16
729,101,3,17,79,84,21,17
730,101,3,18,246,231,18,18
731,101,3,19,222,212,21,19
732,101,3,20,244,244,11,20
733,101,3,21,292,290,10,21
734,101,3,22,171,177,18,22
735,103,1,8,285,285,20,8
736,103,1,9,198,198,38,9
737,103,1,10,-38,-18,20,10
738,103,1,11,293,293,16,11
739,103,1,12,196,196,55,12
740,103,1,13,297,297,21,13
741,103,1,14,264,263,20,14
742,103,1,15,99,99,57,15
743,103,1,16,191,185,24,16
744,103,1,17,72,72,20,17
745,103,1,18,246,234,18,18
746,103,1,19,224,197,19,19
747,103,1,20,290,290,19,20
748,103,1,21,280,278,22,21
749,103,1,22,171,171,18,22
750,105,3,8,245,274,5,8
751,105,3,9,230,215,6,9
752,105,3,10,-61,-38,6,10
753,105,3,11,-61,-35,7,11
754,105,3,12,52,27,6,12
755,105,3,13,197,201,5,13
756,105,3,14,48,78,6,14
757,105,3,15,81,101,6,15
758,105,3,16,60,70,5,16
759,105,3,17,75,51,5,17
760,105,3,18,259,247,5,18
761,105,3,19,105,103,5,19
762,105,3,20,100,79,6,20
763,105,3,21,48,48,6,21
764,105,3,22,-68,-79,6,22
765,110,2,8,283,263,22,8
766,110,2,9,214,211,22,9
767,110,2,10,242,254,17,10
768,110,2,11,291,293,18,11
769,110,2,12,226,230,25,12
770,110,2,13,293,289,25,13
771,110,2,14,259,258,25,14
772,110,2,15,158,162,25,15
773,110,2,16,239,243,25,16
774,110,2,17,75,80,25,17
775,110,2,18,239,228,25,18
776,110,2,19,218,209,25,19
777,110,2,20,291,283,18,20
778,110,2,21,277,275,25,21
779,110,2,22,164,164,25,22
780,111,0,8,236,230,4,8
781,111,0,9,221,218,15,9
782,111,0,10,116,124,15,10
783,111,0,11,289,291,12,11
784,111,0,12,187,181,12,12
785,111,0,13,242,238,14,13
786,111,0,14,191,176,12,14
787,111,0,15,130,134,13,15
788,111,0,16,253,257,11,16
789,111,0,17,70,75,19,17
790,111,0,18,247,236,9,18
791,111,0,19,232,223,11,19
792,111,0,20,186,181,11,20
793,111,0,21,157,156,12,21
794,111,0,22,133,133,17,22
795,116,3,8,285,279,20,8
796,116,3,9,193,190,19,9
797,116,3,10,246,250,16,10
798,116,3,11,304,306,16,11
799,116,3,12,232,236,19,12
800,116,3,13,261,261,19,13
801,116,3,14,240,239,15,14
802,116,3,15,128,132,15,15
803,116,3,16,198,202,17,16
804,116,3,17,75,75,25,17
805,116,3,18,239,228,17,18
806,116,3,19,225,216,18,19
807,116,3,20,288,288,21,20
808,116,3,21,246,244,20,21
809,116,3,22,168,168,21,22
810,117,0,8,300,270,5,8
811,117,0,9,174,171,6,9
812,117,0,10,-14,22,6,10
813,117,0,11,53,-29,2,11
814,117,0,12,20,19,7,12
815,117,0,13,160,168,4,13
816,117,0,14,44,47,10,14
817,117,0,15,79,91,8,15
818,117,0,16,23,10,6,16
819,117,0,17,75,69,5,17
820,117,0,18,261,246,3,18
821,117,0,19,106,103,8,19
822,117,0,20,86,62,7,20
823,117,0,21,50,55,4,21
824,117,0,22,-67,-61,5,22
825,118,3,8,301,271,4,8
826,118,3,9,231,216,5,9
827,118,3,10,248,250,11,10
828,118,3,11,290,284,12,11
829,118,3,12,232,225,5,12
830,118,3,13,194,198,8,13
831,118,3,14,158,172,12,14
832,118,3,15,169,164,14,15
833,118,3,16,208,217,7,16
834,118,3,17,76,96,16,17
835,118,3,18,258,246,6,18
836,118,3,19,103,100,11,19
837,118,3,20,148,147,9,20
838,118,3,21,298,291,4,21
839,118,3,22,181,186,8,22
840,122,1,8,290,290,15,8
841,122,1,9,195,195,5,9
842,122,1,10,-17,-13,9,10
843,122,1,11,290,290,11,11
844,122,1,12,102,102,7,12
845,122,1,13,178,178,6,13
846,122,1,14,242,242,13,14
847,122,1,15,135,135,7,15
848,122,1,16,124,124,11,16
849,122,1,17,78,78,11,17
850,122,1,18,224,224,5,18
851,122,1,19,123,123,8,19
852,122,1,20,82,82,11,20
853,122,1,21,259,259,7,21
854,122,1,22,173,173,16,22
855,123,2,8,269,215,10,8
856,123,2,9,104,182,1,9
857,123,2,10,250,232,5,10
858,123,2,11,216,243,5,11
859,123,2,12,224,181,4,12
860,123,2,13,128,134,2,13
861,123,2,14,40,116,2,14
862,123,2,15,65,131,16,15
863,123,2,16,59,98,5,16
864,123,2,17,82,105,10,17
865,123,2,18,217,194,2,18
866,123,2,19,101,93,14,19
867,123,2,20,194,126,13,20
868,123,2,21,20,32,1,21
869,123,2,22,73,126,16,22
870,124,0,8,304,5,1,8
871,124,0,9,211,2,1,9
872,124,0,10,33,11,1,10
873,124,0,11,-133,1,2,11
874,124,0,12,148,0,3,12
875,124,0,13,104,6,1,13
876,124,0,14,112,5,10,14
877,124,0,15,-102,0,3,15
878,124,0,16,28,7,1,16
879,124,0,17,-220,2,1,17
880,124,0,18,246,10,1,18
881,124,0,19,129,6,2,19
882,124,0,20,-12,0,2,20
883,124,0,21,211,1,1,21
884,124,0,22,183,-1,4,22
885,127,0,8,285,279,20,8
886,127,0,9,212,209,24,9
887,127,0,10,237,241,25,10
888,127,0,11,328,330,12,11
889,127,0,12,227,231,24,12
890,127,0,13,299,295,19,13
891,127,0,14,259,258,25,14
892,127,0,15,111,111,72,15
893,127,0,16,198,202,17,16
894,127,0,17,55,60,45,17
895,127,0,18,239,228,25,18
896,127,0,19,218,209,25,19
897,127,0,20,284,284,25,20
898,127,0,21,277,275,25,21
899,127,0,22,165,165,24,22
900,129,3,8,234,263,16,8
901,129,3,9,219,216,17,9
902,129,3,10,239,251,20,10
903,129,3,11,-42,-100,16,11
904,129,3,12,198,190,22,12
905,129,3,13,302,337,16,13
906,129,3,14,263,262,21,14
907,129,3,15,166,179,17,15
908,129,3,16,199,208,16,16
909,129,3,17,76,96,16,17
910,129,3,18,247,232,17,18
911,129,3,19,224,214,19,19
912,129,3,20,291,283,18,20
913,129,3,21,282,271,20,21
914,129,3,22,172,178,17,22
915,130,0,8,274,274,5,8
916,130,0,9,218,218,18,9
917,130,0,10,241,241,21,10
918,130,0,11,-44,-98,14,11
919,130,0,12,222,216,15,12
920,130,0,13,294,290,24,13
921,130,0,14,266,265,18,14
922,130,0,15,151,155,32,15
923,130,0,16,233,237,31,16
924,130,0,17,75,80,25,17
925,130,0,18,247,236,9,18
926,130,0,19,216,207,27,19
927,130,0,20,151,154,6,20
928,130,0,21,293,291,9,21
929,130,0,22,168,168,21,22
945,136,0,8,234,263,16,8
946,136,0,9,220,205,16,9
947,136,0,10,228,226,31,10
948,136,0,11,293,287,16,11
949,136,0,12,204,201,16,12
950,136,0,13,301,336,17,13
951,136,0,14,268,263,16,14
952,136,0,15,167,162,16,15
953,136,0,16,199,208,16,16
954,136,0,17,76,96,16,17
955,136,0,18,248,236,16,18
956,136,0,19,221,194,22,19
957,136,0,20,293,263,16,20
958,136,0,21,281,274,21,21
959,136,0,22,173,178,16,22
960,138,0,8,294,224,11,8
961,138,0,9,200,197,12,9
962,138,0,10,251,255,11,10
963,138,0,11,305,297,15,11
964,138,0,12,185,179,14,12
965,138,0,13,201,236,14,13
966,138,0,14,248,247,7,14
967,138,0,15,129,121,14,15
968,138,0,16,148,152,14,16
969,138,0,17,43,48,13,17
970,138,0,18,245,234,11,18
971,138,0,19,194,207,10,19
972,138,0,20,213,213,14,20
973,138,0,21,227,225,8,21
974,138,0,22,121,142,14,22
975,141,1,8,287,267,18,8
976,141,1,9,220,205,16,9
977,141,1,10,1,-10,12,10
978,141,1,11,293,287,16,11
979,141,1,12,204,201,16,12
980,141,1,13,302,337,16,13
981,141,1,14,268,263,16,14
982,141,1,15,167,162,16,15
983,141,1,16,199,208,16,16
984,141,1,17,76,96,16,17
985,141,1,18,255,243,9,18
986,141,1,19,227,200,16,19
987,141,1,20,293,263,16,20
988,141,1,21,286,279,16,21
989,141,1,22,173,178,16,22
990,142,0,8,168,201,10,8
991,142,0,9,202,173,10,9
992,142,0,10,214,227,10,10
993,142,0,11,186,238,10,11
994,142,0,12,153,186,10,12
995,142,0,13,197,235,10,13
996,142,0,14,226,209,10,14
997,142,0,15,127,122,13,15
998,142,0,16,205,138,10,16
999,142,0,17,68,73,21,17
1000,142,0,18,234,203,13,18
1001,142,0,19,189,185,15,19
1002,142,0,20,212,212,15,20
1003,142,0,21,285,283,17,21
1004,142,0,22,164,164,25,22
1005,143,0,8,287,287,18,8
1006,143,0,9,218,218,18,9
1007,143,0,10,-166,-120,18,10
1008,143,0,11,40,40,15,11
1009,143,0,12,42,42,17,12
1010,143,0,13,188,188,14,13
1011,143,0,14,85,85,17,14
1012,143,0,15,130,130,12,15
1013,143,0,16,51,51,14,16
1014,143,0,17,74,74,6,17
1015,143,0,18,253,253,11,18
1016,143,0,19,115,115,14,19
1017,143,0,20,94,94,12,20
1018,143,0,21,39,39,15,21
1019,143,0,22,-86,-86,18,22
1020,146,3,8,192,207,14,8
1021,146,3,9,220,205,16,9
1022,146,3,10,250,252,9,10
1023,146,3,11,326,264,14,11
1024,146,3,12,182,186,10,12
1025,146,3,13,123,104,16,13
1026,146,3,14,268,263,16,14
1027,146,3,15,167,162,16,15
1028,146,3,16,199,208,16,16
1029,146,3,17,76,96,16,17
1030,146,3,18,248,236,16,18
1031,146,3,19,-156,-148,18,19
1032,146,3,20,223,197,9,20
1033,146,3,21,248,240,16,21
1034,146,3,22,173,178,16,22
1035,148,3,8,293,263,12,8
1036,148,3,9,221,206,15,9
1037,148,3,10,-19,-15,17,10
1038,148,3,11,293,287,16,11
1039,148,3,12,200,197,20,12
1040,148,3,13,244,251,17,13
1041,148,3,14,269,264,15,14
1042,148,3,15,167,162,16,15
1043,148,3,16,246,242,18,16
1044,148,3,17,75,77,17,17
1045,148,3,18,245,234,19,18
1046,148,3,19,226,216,17,19
1047,148,3,20,294,264,15,20
1048,148,3,21,293,291,9,21
1049,148,3,22,173,178,16,22
1050,149,1,8,205,209,2,8
1051,149,1,9,198,181,2,9
1052,149,1,10,-220,-90,2,10
1053,149,1,11,-72,-29,2,11
1054,149,1,12,57,-45,2,12
1055,149,1,13,135,134,2,13
1056,149,1,14,47,68,2,14
1057,149,1,15,89,87,2,15
1058,149,1,16,27,14,2,16
1059,149,1,17,-21,-8,2,17
1060,149,1,18,227,194,2,18
1061,149,1,19,127,109,2,19
1062,149,1,20,79,44,2,20
1063,149,1,21,-6,31,2,21
1064,149,1,22,-64,-134,2,22
1065,150,2,8,277,209,2,8
1066,150,2,9,230,177,6,9
1067,150,2,10,8,-3,5,10
1068,150,2,11,-108,-121,9,11
1069,150,2,12,233,181,4,12
1070,150,2,13,124,130,6,13
1071,150,2,14,164,160,6,14
1072,150,2,15,83,119,6,15
1073,150,2,16,209,142,6,16
1074,150,2,17,-23,-10,10,17
1075,150,2,18,218,195,1,18
1076,150,2,19,78,105,6,19
1077,150,2,20,35,109,3,20
1078,150,2,21,258,218,3,21
1079,150,2,22,166,133,9,22
1080,151,2,8,296,276,9,8
1081,151,2,9,226,223,10,9
1082,151,2,10,-19,17,11,10
1083,151,2,11,47,24,8,11
1084,151,2,12,50,25,8,12
1085,151,2,13,194,198,8,13
1086,151,2,14,46,76,8,14
1087,151,2,15,134,129,8,15
1088,151,2,16,57,67,8,16
1089,151,2,17,72,48,8,17
1090,151,2,18,256,244,8,18
1091,151,2,19,102,100,8,19
1092,151,2,20,98,77,8,20
1093,151,2,21,46,46,8,21
1094,151,2,22,-114,-112,14,22
1095,155,2,8,236,216,4,8
1096,155,2,9,174,156,7,9
1097,155,2,10,254,258,8,10
1098,155,2,11,311,313,9,11
1099,155,2,12,241,245,10,12
1100,155,2,13,231,227,13,13
1101,155,2,14,194,179,9,14
1102,155,2,15,115,116,18,15
1103,155,2,16,62,105,10,16
1104,155,2,17,77,82,12,17
1105,155,2,18,140,125,10,18
1106,155,2,19,234,224,9,19
1107,155,2,20,292,292,17,20
1108,155,2,21,288,281,14,21
1109,155,2,22,173,179,16,22
1110,156,0,8,287,287,18,8
1111,156,0,9,176,176,19,9
1112,156,0,10,244,244,18,10
1113,156,0,11,326,326,14,11
1114,156,0,12,202,202,18,12
1115,156,0,13,266,266,14,13
1116,156,0,14,266,266,18,14
1117,156,0,15,134,134,26,15
1118,156,0,16,242,242,22,16
1119,156,0,17,47,47,30,17
1120,156,0,18,238,238,18,18
1121,156,0,19,225,225,18,19
1122,156,0,20,287,287,22,20
1123,156,0,21,282,282,20,21
1124,156,0,22,169,169,18,22
1125,158,1,8,174,210,1,8
1126,158,1,9,207,181,2,9
1127,158,1,10,-41,-3,5,10
1128,158,1,11,-96,-89,5,11
1129,158,1,12,190,194,2,12
1130,158,1,13,161,136,3,13
1131,158,1,14,220,216,3,14
1132,158,1,15,-10,87,2,15
1133,158,1,16,63,99,4,16
1134,158,1,17,82,44,10,17
1135,158,1,18,216,195,1,18
1136,158,1,19,67,110,1,19
1137,158,1,20,79,44,2,20
1138,158,1,21,232,218,3,21
1139,158,1,22,82,86,4,22
1140,159,0,8,268,268,11,8
1141,159,0,9,226,226,10,9
1142,159,0,10,242,242,17,10
1143,159,0,11,292,292,9,11
1144,159,0,12,239,239,12,12
1145,159,0,13,269,269,11,13
1146,159,0,14,246,246,14,14
1147,159,0,15,164,164,19,15
1148,159,0,16,200,200,15,16
1149,159,0,17,74,74,18,17
1150,159,0,18,252,241,12,18
1151,159,0,19,146,177,20,19
1152,159,0,20,242,242,13,20
1153,159,0,21,295,295,7,21
1154,159,0,22,162,168,13,22
1155,160,1,8,198,211,9,8
1156,160,1,9,193,193,7,9
1157,160,1,10,1,-10,12,10
1158,160,1,11,324,324,16,11
1159,160,1,12,200,200,20,12
1160,160,1,13,149,149,15,13
1161,160,1,14,236,236,20,14
1162,160,1,15,120,120,23,15
1163,160,1,16,127,127,28,16
1164,160,1,17,67,29,25,17
1165,160,1,18,256,256,8,18
1166,160,1,19,149,191,17,19
1167,160,1,20,182,182,15,20
1168,160,1,21,246,246,18,21
1169,160,1,22,107,107,38,22
1170,165,3,8,286,286,19,8
1171,165,3,9,214,214,22,9
1172,165,3,10,248,248,11,10
1173,165,3,11,290,290,19,11
1174,165,3,12,200,200,20,12
1175,165,3,13,294,294,24,13
1176,165,3,14,265,264,19,14
1177,165,3,15,163,163,20,15
1178,165,3,16,238,238,26,16
1179,165,3,17,69,69,20,17
1180,165,3,18,247,247,17,18
1181,165,3,19,105,105,24,19
1182,165,3,20,298,298,11,20
1183,165,3,21,291,291,11,21
1184,165,3,22,169,169,20,22
1185,167,3,8,237,266,13,8
1186,167,3,9,220,205,16,9
1187,167,3,10,244,246,15,10
1188,167,3,11,326,264,14,11
1189,167,3,12,201,198,19,12
1190,167,3,13,307,342,11,13
1191,167,3,14,271,266,13,14
1192,167,3,15,165,178,18,15
1193,167,3,16,250,192,14,16
1194,167,3,17,76,96,16,17
1195,167,3,18,248,236,16,18
1196,167,3,19,225,215,18,19
1197,167,3,20,295,265,14,20
1198,167,3,21,292,281,10,21
1199,167,3,22,173,178,16,22
1200,170,1,8,233,233,7,8
1201,170,1,9,204,178,8,9
1202,170,1,10,238,238,24,10
1203,170,1,11,324,326,16,11
1204,170,1,12,178,178,13,12
1205,170,1,13,172,172,12,13
1206,170,1,14,142,142,10,14
1207,170,1,15,159,159,24,15
1208,170,1,16,241,241,23,16
1209,170,1,17,-179,-209,20,17
1210,170,1,18,246,246,10,18
1211,170,1,19,121,121,10,19
1212,170,1,20,207,197,9,20
1213,170,1,21,250,250,16,21
1214,170,1,22,167,167,22,22
1215,171,2,8,202,202,8,8
1216,171,2,9,224,221,12,9
1217,171,2,10,243,255,16,10
1218,171,2,11,333,317,7,11
1219,171,2,12,205,197,15,12
1220,171,2,13,309,315,9,13
1221,171,2,14,272,253,12,14
1222,171,2,15,167,180,16,15
1223,171,2,16,246,242,18,16
1224,171,2,17,71,73,18,17
1225,171,2,18,246,231,18,18
1226,171,2,19,226,216,17,19
1227,171,2,20,297,289,12,20
1228,171,2,21,288,277,14,21
1229,171,2,22,172,178,17,22
1230,173,1,8,234,263,16,8
1231,173,1,9,220,205,16,9
1232,173,1,10,238,220,17,10
1233,173,1,11,211,238,10,11
1234,173,1,12,202,194,18,12
1235,173,1,13,300,296,18,13
1236,173,1,14,266,265,18,14
1237,173,1,15,165,169,18,15
1238,173,1,16,198,192,17,16
1239,173,1,17,74,79,18,17
1240,173,1,18,248,236,16,18
1241,173,1,19,225,216,18,19
1242,173,1,20,292,284,17,20
1243,173,1,21,284,282,18,21
1244,173,1,22,171,171,18,22
1245,175,1,8,273,273,6,8
1246,175,1,9,230,227,6,9
1247,175,1,10,-16,-16,8,10
1248,175,1,11,44,44,11,11
1249,175,1,12,52,52,6,12
1250,175,1,13,191,191,11,13
1251,175,1,14,48,48,14,14
1252,175,1,15,129,131,13,15
1253,175,1,16,52,52,13,16
1254,175,1,17,70,64,10,17
1255,175,1,18,253,242,11,18
1256,175,1,19,117,117,12,19
1257,175,1,20,94,94,12,20
1258,175,1,21,42,47,12,21
1259,175,1,22,-83,-83,21,22
1260,176,3,8,300,280,5,8
1261,176,3,9,225,210,11,9
1262,176,3,10,246,258,13,10
1263,176,3,11,174,166,13,11
1264,176,3,12,217,209,11,12
1265,176,3,13,190,194,12,13
1266,176,3,14,273,272,11,14
1267,176,3,15,138,126,18,15
1268,176,3,16,199,208,16,16
1269,176,3,17,69,69,20,17
1270,176,3,18,256,244,8,18
1271,176,3,19,222,213,21,19
1272,176,3,20,294,286,15,20
1273,176,3,21,287,285,15,21
1274,176,3,22,175,175,14,22
1275,180,2,8,285,285,20,8
1276,180,2,9,199,199,37,9
1277,180,2,10,220,220,42,10
1278,180,2,11,315,315,25,11
1279,180,2,12,211,211,40,12
1280,180,2,13,224,235,20,13
1281,180,2,14,179,179,38,14
1282,180,2,15,156,156,27,15
1283,180,2,16,231,231,33,16
1284,180,2,17,26,26,74,17
1285,180,2,18,238,238,26,18
1286,180,2,19,177,177,26,19
1287,180,2,20,285,285,24,20
1288,180,2,21,276,276,26,21
1289,180,2,22,163,163,26,22
1290,182,2,8,299,285,6,8
1291,182,2,9,225,222,11,9
1292,182,2,10,208,215,18,10
1293,182,2,11,243,240,8,11
1294,182,2,12,224,218,13,12
1295,182,2,13,160,168,4,13
1296,182,2,14,238,237,17,14
1297,182,2,15,171,184,12,15
1298,182,2,16,201,205,14,16
1299,182,2,17,56,50,24,17
1300,182,2,18,225,203,4,18
1301,182,2,19,109,156,43,19
1302,182,2,20,-18,-4,4,20
1303,182,2,21,261,248,5,21
1304,182,2,22,176,182,13,22
1305,183,3,8,287,267,18,8
1306,183,3,9,220,205,16,9
1307,183,3,10,243,245,16,10
1308,183,3,11,292,288,17,11
1309,183,3,12,210,206,18,12
1310,183,3,13,302,337,16,13
1311,183,3,14,268,263,16,14
1312,183,3,15,167,162,16,15
1313,183,3,16,200,209,15,16
1314,183,3,17,76,96,16,17
1315,183,3,18,248,236,16,18
1316,183,3,19,225,215,18,19
1317,183,3,20,294,264,15,20
1318,183,3,21,286,279,16,21
1319,183,3,22,173,178,16,22
1320,184,2,8,298,292,7,8
1321,184,2,9,217,214,19,9
1322,184,2,10,249,253,13,10
1323,184,2,11,-81,-101,17,11
1324,184,2,12,203,207,17,12
1325,184,2,13,263,259,17,13
1326,184,2,14,267,266,17,14
1327,184,2,15,126,130,17,15
1328,184,2,16,198,202,17,16
1329,184,2,17,50,55,17,17
1330,184,2,18,247,236,9,18
1331,184,2,19,224,215,19,19
1332,184,2,20,240,240,15,20
1333,184,2,21,287,285,15,21
1334,184,2,22,102,102,23,22
1335,187,0,8,33,40,1,8
1336,187,0,9,178,181,2,9
1337,187,0,10,105,122,6,10
1338,187,0,11,123,86,3,11
1339,187,0,12,181,182,3,12
1340,187,0,13,200,134,2,13
1341,187,0,14,129,116,2,14
1342,187,0,15,89,81,2,15
1343,187,0,16,114,143,5,16
1344,187,0,17,81,43,11,17
1345,187,0,18,228,195,1,18
1346,187,0,19,121,106,8,19
1347,187,0,20,49,44,2,20
1348,187,0,21,264,219,2,21
1349,187,0,22,-130,-95,6,22
1350,188,1,8,234,263,16,8
1351,188,1,9,220,205,16,9
1352,188,1,10,243,245,16,10
1353,188,1,11,295,289,14,11
1354,188,1,12,202,199,18,12
1355,188,1,13,302,337,16,13
1356,188,1,14,266,261,18,14
1357,188,1,15,167,162,16,15
1358,188,1,16,197,206,18,16
1359,188,1,17,61,48,16,17
1360,188,1,18,245,233,19,18
1361,188,1,19,227,200,16,19
1362,188,1,20,291,261,18,20
1363,188,1,21,284,277,18,21
1364,188,1,22,171,176,18,22
1365,190,2,8,300,230,5,8
1366,190,2,9,194,194,6,9
1367,190,2,10,-113,-97,9,10
1368,190,2,11,-11,-13,9,11
1369,190,2,12,-6,-1,9,12
1370,190,2,13,178,175,6,13
1371,190,2,14,46,82,8,14
1372,190,2,15,131,133,11,15
1373,190,2,16,55,63,10,16
1374,190,2,17,70,64,10,17
1375,190,2,18,248,237,8,18
1376,190,2,19,55,109,13,19
1377,190,2,20,87,87,13,20
1378,190,2,21,38,43,10,21
1379,190,2,22,-79,-75,11,22
1380,191,2,8,268,248,11,8
1381,191,2,9,216,213,20,9
1382,191,2,10,246,246,13,10
1383,191,2,11,323,325,17,11
1384,191,2,12,218,218,33,12
1385,191,2,13,298,298,20,13
1386,191,2,14,261,260,23,14
1387,191,2,15,164,177,19,15
1388,191,2,16,241,245,23,16
1389,191,2,17,75,80,25,17
1390,191,2,18,240,229,24,18
1391,191,2,19,221,212,22,19
1392,191,2,20,287,287,22,20
1393,191,2,21,278,276,24,21
1394,191,2,22,167,173,22,22
1395,192,3,8,293,263,12,8
1396,192,3,9,228,213,8,9
1397,192,3,10,55,-14,16,10
1398,192,3,11,252,243,5,11
1399,192,3,12,241,191,10,12
1400,192,3,13,156,161,5,13
1401,192,3,14,280,275,4,14
1402,192,3,15,127,136,13,15
1403,192,3,16,144,151,11,16
1404,192,3,17,87,41,13,17
1405,192,3,18,245,185,11,18
1406,192,3,19,231,204,12,19
1407,192,3,20,298,268,11,20
1408,192,3,21,296,289,6,21
1409,192,3,22,177,182,12,22
1410,195,2,8,13,31,11,8
1411,195,2,9,193,193,7,9
1412,195,2,10,105,105,15,10
1413,195,2,11,325,325,15,11
1414,195,2,12,220,220,17,12
1415,195,2,13,294,294,24,13
1416,195,2,14,265,265,19,14
1417,195,2,15,164,164,19,15
1418,195,2,16,243,243,21,16
1419,195,2,17,77,77,23,17
1420,195,2,18,240,240,24,18
1421,195,2,19,218,218,25,19
1422,195,2,20,289,289,20,20
1423,195,2,21,278,278,24,21
1424,195,2,22,166,166,23,22
1425,196,0,8,292,286,13,8
1426,196,0,9,185,182,15,9
1427,196,0,10,-35,-9,11,10
1428,196,0,11,299,238,10,11
1429,196,0,12,203,207,17,12
1430,196,0,13,241,237,15,13
1431,196,0,14,240,239,15,14
1432,196,0,15,128,132,15,15
1433,196,0,16,147,151,15,16
1434,196,0,17,31,36,25,17
1435,196,0,18,241,230,15,18
1436,196,0,19,230,221,13,19
1437,196,0,20,217,217,10,20
1438,196,0,21,225,223,10,21
1439,196,0,22,168,168,21,22
1440,197,0,8,280,280,25,8
1441,197,0,9,210,210,26,9
1442,197,0,10,233,233,26,10
1443,197,0,11,313,313,27,11
1444,197,0,12,225,225,26,12
1445,197,0,13,296,296,22,13
1446,197,0,14,259,259,25,14
1447,197,0,15,157,157,26,15
1448,197,0,16,127,127,25,16
1449,197,0,17,56,56,36,17
1450,197,0,18,203,203,26,18
1451,197,0,19,217,217,26,19
1452,197,0,20,283,283,26,20
1453,197,0,21,276,276,26,21
1454,197,0,22,163,163,26,22
1455,201,1,8,265,265,14,8
1456,201,1,9,199,199,13,9
1457,201,1,10,247,247,15,10
1458,201,1,11,325,325,15,11
1459,201,1,12,177,177,22,12
1460,201,1,13,241,241,15,13
1461,201,1,14,242,242,13,14
1462,201,1,15,128,128,15,15
1463,201,1,16,146,146,16,16
1464,201,1,17,-3,-3,16,17
1465,201,1,18,244,244,12,18
1466,201,1,19,187,181,16,19
1467,201,1,20,219,219,8,20
1468,201,1,21,224,224,11,21
1469,201,1,22,132,132,18,22
1470,202,3,8,250,250,29,8
1471,202,3,9,209,209,27,9
1472,202,3,10,235,213,20,10
1473,202,3,11,298,298,11,11
1474,202,3,12,213,213,24,12
1475,202,3,13,294,294,24,13
1476,202,3,14,258,258,26,14
1477,202,3,15,163,158,20,15
1478,202,3,16,242,242,22,16
1479,202,3,17,64,64,28,17
1480,202,3,18,246,235,18,18
1481,202,3,19,224,215,19,19
1482,202,3,20,292,284,17,20
1483,202,3,21,288,286,14,21
1484,202,3,22,171,171,18,22
1500,206,0,8,296,290,9,8
1501,206,0,9,217,214,19,9
1502,206,0,10,253,257,9,10
1503,206,0,11,329,331,11,11
1504,206,0,12,213,207,15,12
1505,206,0,13,177,174,7,13
1506,206,0,14,248,247,7,14
1507,206,0,15,128,132,15,15
1508,206,0,16,147,151,15,16
1509,206,0,17,70,75,19,17
1510,206,0,18,224,213,5,18
1511,206,0,19,123,115,8,19
1512,206,0,20,187,182,10,20
1513,206,0,21,223,221,12,21
1514,206,0,22,155,155,20,22
1515,210,3,8,234,263,16,8
1516,210,3,9,220,205,16,9
1517,210,3,10,243,245,16,10
1518,210,3,11,293,287,16,11
1519,210,3,12,204,201,16,12
1520,210,3,13,302,337,16,13
1521,210,3,14,268,263,16,14
1522,210,3,15,167,162,16,15
1523,210,3,16,80,-6,13,16
1524,210,3,17,76,96,16,17
1525,210,3,18,248,236,16,18
1526,210,3,19,227,200,16,19
1527,210,3,20,293,263,16,20
1528,210,3,21,286,279,16,21
1529,210,3,22,173,178,16,22
1530,217,3,8,293,263,12,8
1531,217,3,9,219,216,17,9
1532,217,3,10,243,255,16,10
1533,217,3,11,330,314,10,11
1534,217,3,12,214,190,6,12
1535,217,3,13,304,310,14,13
1536,217,3,14,270,251,14,14
1537,217,3,15,166,179,17,15
1538,217,3,16,246,242,18,16
1539,217,3,17,73,78,19,17
1540,217,3,18,255,240,9,18
1541,217,3,19,226,216,17,19
1542,217,3,20,292,284,17,20
1543,217,3,21,286,275,16,21
1544,217,3,22,172,178,17,22
1545,219,1,8,295,295,10,8
1546,219,1,9,218,218,18,9
1547,219,1,10,221,221,41,10
1548,219,1,11,327,327,13,11
1549,219,1,12,181,181,16,12
1550,219,1,13,174,174,10,13
1551,219,1,14,191,191,15,14
1552,219,1,15,122,122,18,15
1553,219,1,16,106,106,21,16
1554,219,1,17,70,70,22,17
1555,219,1,18,246,246,10,18
1556,219,1,19,218,218,25,19
1557,219,1,20,288,288,21,20
1558,219,1,21,280,278,22,21
1559,219,1,22,167,167,22,22
1560,220,1,8,227,207,13,8
1561,220,1,9,203,200,9,9
1562,220,1,10,244,257,11,10
1563,220,1,11,239,235,12,11
1564,220,1,12,151,186,10,12
1565,220,1,13,237,244,7,13
1566,220,1,14,246,252,10,14
1567,220,1,15,130,124,13,15
1568,220,1,16,149,143,13,16
1569,220,1,17,87,99,13,17
1570,220,1,18,246,215,10,18
1571,220,1,19,207,206,12,19
1572,220,1,20,219,211,13,20
1573,220,1,21,253,247,10,21
1574,220,1,22,171,176,18,22
1575,221,0,8,290,284,15,8
1576,221,0,9,216,213,20,9
1577,221,0,10,241,245,21,10
1578,221,0,11,324,326,16,11
1579,221,0,12,226,230,25,12
1580,221,0,13,292,292,26,13
1581,221,0,14,259,258,25,14
1582,221,0,15,158,162,25,15
1583,221,0,16,130,134,25,16
1584,221,0,17,70,70,30,17
1585,221,0,18,239,228,25,18
1586,221,0,19,218,209,25,19
1587,221,0,20,284,284,25,20
1588,221,0,21,277,275,25,21
1589,221,0,22,164,164,25,22
1590,222,2,8,295,275,10,8
1591,222,2,9,227,224,9,9
1592,222,2,10,-17,1,9,10
1593,222,2,11,46,46,9,11
1594,222,2,12,49,36,9,12
1595,222,2,13,193,198,9,13
1596,222,2,14,44,41,10,14
1597,222,2,15,133,132,9,15
1598,222,2,16,56,50,9,16
1599,222,2,17,63,28,26,17
1600,222,2,18,256,241,8,18
1601,222,2,19,226,216,17,19
1602,222,2,20,292,284,17,20
1603,222,2,21,285,274,17,21
1604,222,2,22,172,178,17,22
1605,225,0,8,298,298,7,8
1606,225,0,9,217,217,19,9
1607,225,0,10,232,232,23,10
1608,225,0,11,315,315,25,11
1609,225,0,12,228,228,23,12
1610,225,0,13,293,293,25,13
1611,225,0,14,260,260,24,14
1612,225,0,15,156,156,27,15
1613,225,0,16,238,238,26,16
1614,225,0,17,63,68,26,17
1615,225,0,18,246,246,18,18
1616,225,0,19,-162,-154,24,19
1617,225,0,20,291,291,18,20
1618,225,0,21,242,242,24,21
1619,225,0,22,174,174,15,22
1620,228,1,8,42,-9,9,8
1621,228,1,9,178,178,7,9
1622,228,1,10,248,248,11,10
1623,228,1,11,311,311,9,11
1624,228,1,12,53,53,6,12
1625,228,1,13,-131,-131,10,13
1626,228,1,14,-181,-181,8,14
1627,228,1,15,-118,-168,5,15
1628,228,1,16,-22,-2,9,16
1629,228,1,17,-227,-227,8,17
1630,228,1,18,-52,-52,8,18
1631,228,1,19,11,11,11,19
1632,228,1,20,-2,-19,8,20
1633,228,1,21,-15,-15,8,21
1634,228,1,22,1,1,9,22
1635,229,0,8,235,229,5,8
1636,229,0,9,194,191,6,9
1637,229,0,10,249,219,10,10
1638,229,0,11,328,330,12,11
1639,229,0,12,188,182,11,12
1640,229,0,13,179,176,5,13
1641,229,0,14,199,200,7,14
1642,229,0,15,122,126,21,15
1643,229,0,16,247,251,17,16
1644,229,0,17,76,81,13,17
1645,229,0,18,225,214,4,18
1646,229,0,19,232,223,11,19
1647,229,0,20,203,203,13,20
1648,229,0,21,260,258,6,21
1649,229,0,22,170,170,19,22
1650,230,1,8,296,290,9,8
1651,230,1,9,224,224,12,9
1652,230,1,10,-82,-90,22,10
1653,230,1,11,117,117,9,11
1654,230,1,12,177,177,14,12
1655,230,1,13,175,172,9,13
1656,230,1,14,92,92,10,14
1657,230,1,15,129,129,13,15
1658,230,1,16,29,29,13,16
1659,230,1,17,81,81,8,17
1660,230,1,18,244,233,12,18
1661,230,1,19,116,116,15,19
1662,230,1,20,75,75,6,20
1663,230,1,21,45,45,14,21
1664,230,1,22,125,125,20,22
1665,231,2,8,293,273,12,8
1666,231,2,9,221,221,15,9
1667,231,2,10,-3,-14,16,10
1668,231,2,11,295,291,14,11
1669,231,2,12,239,230,12,12
1670,231,2,13,249,256,12,13
1671,231,2,14,176,165,12,14
1672,231,2,15,56,70,14,15
1673,231,2,16,200,204,15,16
1674,231,2,17,77,100,15,17
1675,231,2,18,250,235,14,18
1676,231,2,19,226,216,17,19
1677,231,2,20,229,229,15,20
1678,231,2,21,255,253,11,21
1679,231,2,22,158,158,17,22
1680,234,3,8,233,262,17,8
1681,234,3,9,170,173,10,9
1682,234,3,10,211,222,15,10
1683,234,3,11,293,287,16,11
1684,234,3,12,204,201,16,12
1685,234,3,13,302,337,16,13
1686,234,3,14,268,263,16,14
1687,234,3,15,167,162,16,15
1688,234,3,16,199,208,16,16
1689,234,3,17,76,96,16,17
1690,234,3,18,248,236,16,18
1691,234,3,19,227,200,16,19
1692,234,3,20,293,263,16,20
1693,234,3,21,286,279,16,21
1694,234,3,22,173,178,16,22
1695,236,3,8,294,264,11,8
1696,236,3,9,221,206,15,9
1697,236,3,10,200,217,15,10
1698,236,3,11,297,291,12,11
1699,236,3,12,208,205,12,12
1700,236,3,13,302,337,16,13
1701,236,3,14,269,264,15,14
1702,236,3,15,167,162,16,15
1703,236,3,16,201,210,14,16
1704,236,3,17,84,38,16,17
1705,236,3,18,248,236,16,18
1706,236,3,19,-140,-148,18,19
1707,236,3,20,293,263,16,20
1708,236,3,21,286,279,16,21
1709,236,3,22,173,178,16,22
1710,237,0,8,38,38,13,8
1711,237,0,9,42,-10,10,9
1712,237,0,10,234,234,21,10
1713,237,0,11,169,169,18,11
1714,237,0,12,223,223,14,12
1715,237,0,13,-69,-68,9,13
1716,237,0,14,266,266,18,14
1717,237,0,15,141,141,42,15
1718,237,0,16,223,223,41,16
1719,237,0,17,61,61,31,17
1720,237,0,18,211,211,18,18
1721,237,0,19,203,203,40,19
1722,237,0,20,102,102,15,20
1723,237,0,21,253,253,13,21
1724,237,0,22,163,163,26,22
1725,238,2,8,-22,-32,9,8
1726,238,2,9,185,176,7,9
1727,238,2,10,249,261,10,10
1728,238,2,11,310,294,10,11
1729,238,2,12,158,180,5,12
1730,238,2,13,191,196,11,13
1731,238,2,14,271,270,13,14
1732,238,2,15,71,107,18,15
1733,238,2,16,141,145,11,16
1734,238,2,17,71,76,18,17
1735,238,2,18,208,197,9,18
1736,238,2,19,115,112,14,19
1737,238,2,20,246,238,11,20
1738,238,2,21,246,244,18,21
1739,238,2,22,170,170,19,22
1740,241,0,8,227,212,13,8
1741,241,0,9,197,194,15,9
1742,241,0,10,249,231,13,10
1743,241,0,11,327,253,13,11
1744,241,0,12,186,180,13,12
1745,241,0,13,251,245,5,13
1746,241,0,14,242,224,13,14
1747,241,0,15,130,122,13,15
1748,241,0,16,149,145,13,16
1749,241,0,17,43,48,13,17
1750,241,0,18,243,203,13,18
1751,241,0,19,187,187,13,19
1752,241,0,20,214,206,13,20
1753,241,0,21,222,217,13,21
1754,241,0,22,137,143,13,22
1755,243,2,8,230,201,10,8
1756,243,2,9,218,203,18,9
1757,243,2,10,245,257,14,10
1758,243,2,11,318,320,22,11
1759,243,2,12,199,203,21,12
1760,243,2,13,292,292,26,13
1761,243,2,14,266,266,18,14
1762,243,2,15,165,169,18,15
1763,243,2,16,241,241,23,16
1764,243,2,17,66,66,23,17
1765,243,2,18,246,246,18,18
1766,243,2,19,222,222,21,19
1767,243,2,20,295,295,14,20
1768,243,2,21,246,246,20,21
1769,243,2,22,164,164,25,22
1770,246,0,8,256,256,49,8
1771,246,0,9,211,208,25,9
1772,246,0,10,236,236,26,10
1773,246,0,11,314,314,26,11
1774,246,0,12,210,210,41,12
1775,246,0,13,254,254,26,13
1776,246,0,14,259,258,25,14
1777,246,0,15,158,162,25,15
1778,246,0,16,239,243,25,16
1779,246,0,17,52,57,40,17
1780,246,0,18,239,228,25,18
1781,246,0,19,218,209,25,19
1782,246,0,20,284,284,25,20
1783,246,0,21,277,275,25,21
1784,246,0,22,165,165,24,22
1785,248,0,8,-99,0,0,8
1786,248,0,9,207,181,2,9
1787,248,0,10,127,124,4,10
1788,248,0,11,-42,-96,12,11
1789,248,0,12,175,176,9,12
1790,248,0,13,236,243,8,13
1791,248,0,14,214,210,9,14
1792,248,0,15,70,115,10,15
1793,248,0,16,109,138,10,16
1794,248,0,17,46,44,10,17
1795,248,0,18,223,190,6,18
1796,248,0,19,213,193,6,19
1797,248,0,20,211,201,5,20
1798,248,0,21,228,214,7,21
1799,248,0,22,115,132,10,22
1800,251,2,8,297,291,8,8
1801,251,2,9,189,189,11,9
1802,251,2,10,-70,-70,15,10
1803,251,2,11,45,43,10,11
1804,251,2,12,45,37,14,12
1805,251,2,13,189,186,13,13
1806,251,2,14,37,34,17,14
1807,251,2,15,129,128,13,15
1808,251,2,16,49,41,16,16
1809,251,2,17,68,62,12,17
1810,251,2,18,253,242,11,18
1811,251,2,19,109,103,22,19
1812,251,2,20,95,95,11,20
1813,251,2,21,45,50,14,21
1814,251,2,22,-33,-15,15,22
1815,254,1,8,266,212,13,8
1816,254,1,9,195,192,17,9
1817,254,1,10,249,231,13,10
1818,254,1,11,208,253,13,11
1819,254,1,12,204,213,16,12
1820,254,1,13,264,267,16,13
1821,254,1,14,262,275,22,14
1822,254,1,15,124,143,16,15
1823,254,1,16,193,212,22,16
1824,254,1,17,76,99,16,17
1825,254,1,18,240,229,24,18
1826,254,1,19,181,181,22,19
1827,254,1,20,286,286,23,20
1828,254,1,21,241,239,25,21
1829,254,1,22,134,156,16,22
1830,255,2,8,285,285,20,8
1831,255,2,9,211,208,25,9
1832,255,2,10,236,236,26,10
1833,255,2,11,314,314,26,11
1834,255,2,12,215,215,22,12
1835,255,2,13,293,293,25,13
1836,255,2,14,259,258,25,14
1837,255,2,15,157,157,26,15
1838,255,2,16,238,238,26,16
1839,255,2,17,74,74,26,17
1840,255,2,18,240,240,24,18
1841,255,2,19,217,217,26,19
1842,255,2,20,290,290,19,20
1843,255,2,21,276,276,26,21
1844,255,2,22,163,163,26,22
1845,261,1,8,197,201,10,8
1846,261,1,9,198,172,11,9
1847,261,1,10,245,227,10,10
1848,261,1,11,190,242,6,11
1849,261,1,12,174,175,10,12
1850,261,1,13,136,135,1,13
1851,261,1,14,197,160,6,14
1852,261,1,15,149,112,11,15
1853,261,1,16,185,138,10,16
1854,261,1,17,71,39,18,17
1855,261,1,18,-12,-11,11,18
1856,261,1,19,221,204,22,19
1857,261,1,20,40,45,6,20
1858,261,1,21,228,214,7,21
1859,261,1,22,97,132,10,22
1860,263,0,8,286,286,19,8
1861,263,0,9,209,209,27,9
1862,263,0,10,236,236,26,10
1863,263,0,11,322,322,18,11
1864,263,0,12,203,203,34,12
1865,263,0,13,247,247,33,13
1866,263,0,14,258,258,26,14
1867,263,0,15,25,36,50,15
1868,263,0,16,238,238,26,16
1869,263,0,17,58,58,34,17
1870,263,0,18,230,230,26,18
1871,263,0,19,209,209,34,19
1872,263,0,20,267,267,42,20
1873,263,0,21,272,272,30,21
1874,263,0,22,164,164,25,22
1875,265,2,8,289,283,16,8
1876,265,2,9,180,180,15,9
1877,265,2,10,241,245,18,10
1878,265,2,11,294,296,15,11
1879,265,2,12,202,206,18,12
1880,265,2,13,171,163,18,13
1881,265,2,14,266,265,18,14
1882,265,2,15,165,169,18,15
1883,265,2,16,197,201,18,16
1884,265,2,17,74,79,18,17
1885,265,2,18,246,235,18,18
1886,265,2,19,185,196,18,19
1887,265,2,20,292,284,17,20
1888,265,2,21,282,280,20,21
1889,265,2,22,171,171,18,22
1890,267,3,8,199,199,7,8
1891,267,3,9,195,195,5,9
1892,267,3,10,247,229,8,10
1893,267,3,11,116,116,10,11
1894,267,3,12,216,216,12,12
1895,267,3,13,157,157,7,13
1896,267,3,14,247,247,9,14
1897,267,3,15,79,77,12,15
1898,267,3,16,148,148,14,16
1899,267,3,17,74,74,15,17
1900,267,3,18,223,223,6,18
1901,267,3,19,115,115,14,19
1902,267,3,20,122,122,13,20
1903,267,3,21,290,290,12,21
1904,267,3,22,174,174,15,22
1920,269,2,8,202,215,5,8
1921,269,2,9,175,175,10,9
1922,269,2,10,-31,-31,23,10
1923,269,2,11,43,43,12,11
1924,269,2,12,45,45,14,12
1925,269,2,13,157,157,7,13
1926,269,2,14,89,89,13,14
1927,269,2,15,131,131,11,15
1928,269,2,16,50,50,15,16
1929,269,2,17,74,74,6,17
1930,269,2,18,211,211,6,18
1931,269,2,19,119,111,12,19
1932,269,2,20,73,73,8,20
1933,269,2,21,45,45,14,21
1934,269,2,22,-85,-85,23,22
1950,273,3,8,202,215,5,8
1951,273,3,9,204,204,5,9
1952,273,3,10,125,125,8,10
1953,273,3,11,180,180,7,11
1954,273,3,12,102,102,9,12
1955,273,3,13,20,20,4,13
1956,273,3,14,92,92,10,14
1957,273,3,15,42,42,4,15
1958,273,3,16,69,69,6,16
1959,273,3,17,81,81,8,17
1960,273,3,18,211,211,6,18
1961,273,3,19,121,121,8,19
1962,273,3,20,86,86,7,20
1963,273,3,21,46,46,8,21
1964,273,3,22,131,131,14,22
1965,275,2,8,292,272,13,8
1966,275,2,9,218,215,18,9
1967,275,2,10,240,244,19,10
1968,275,2,11,-51,-105,21,11
1969,275,2,12,232,236,19,12
1970,275,2,13,295,295,23,13
1971,275,2,14,240,246,20,14
1972,275,2,15,163,167,20,15
1973,275,2,16,244,248,20,16
1974,275,2,17,63,63,29,17
1975,275,2,18,244,244,20,18
1976,275,2,19,223,214,20,19
1977,275,2,20,291,291,18,20
1978,275,2,21,275,273,27,21
1979,275,2,22,170,170,19,22
1980,278,1,8,220,220,20,8
1981,278,1,9,195,195,17,9
1982,278,1,10,-24,-6,6,10
1983,278,1,11,-296,-227,13,11
1984,278,1,12,209,191,5,12
1985,278,1,13,178,175,6,13
1986,278,1,14,252,216,3,14
1987,278,1,15,67,56,5,15
1988,278,1,16,69,64,6,16
1989,278,1,17,89,43,11,17
1990,278,1,18,227,194,2,18
1991,278,1,19,113,109,2,19
1992,278,1,20,20,44,2,20
1993,278,1,21,84,82,6,21
1994,278,1,22,119,136,6,22
1995,279,0,8,283,283,22,8
1996,279,0,9,209,209,27,9
1997,279,0,10,240,240,22,10
1998,279,0,11,314,314,26,11
1999,279,0,12,225,225,26,12
2000,279,0,13,290,290,28,13
2001,279,0,14,258,258,26,14
2002,279,0,15,157,157,26,15
2003,279,0,16,238,238,26,16
2004,279,0,17,58,58,42,17
2005,279,0,18,238,238,26,18
2006,279,0,19,221,221,22,19
2007,279,0,20,287,287,22,20
2008,279,0,21,282,282,20,21
2009,279,0,22,163,163,26,22
2010,280,1,8,197,201,10,8
2011,280,1,9,200,171,12,9
2012,280,1,10,221,226,11,10
2013,280,1,11,289,236,12,11
2014,280,1,12,182,186,10,12
2015,280,1,13,234,235,10,13
2016,280,1,14,211,207,12,14
2017,280,1,15,71,115,10,15
2018,280,1,16,142,138,10,16
2019,280,1,17,-231,-106,8,17
2020,280,1,18,207,186,10,18
2021,280,1,19,157,190,9,19
2022,280,1,20,205,195,11,20
2023,280,1,21,252,210,11,21
2024,280,1,22,97,132,10,22
2025,286,3,8,234,263,16,8
2026,286,3,9,217,214,19,9
2027,286,3,10,243,245,16,10
2028,286,3,11,215,242,6,11
2029,286,3,12,182,186,10,12
2030,286,3,13,302,337,16,13
2031,286,3,14,168,0,0,14
2032,286,3,15,167,162,16,15
2033,286,3,16,200,209,15,16
2034,286,3,17,68,70,24,17
2035,286,3,18,251,236,13,18
2036,286,3,19,225,215,18,19
2037,286,3,20,294,264,15,20
2038,286,3,21,285,274,17,21
2039,286,3,22,173,178,16,22
2040,289,1,8,282,282,23,8
2041,289,1,9,212,212,24,9
2042,289,1,10,237,237,25,10
2043,289,1,11,325,325,15,11
2044,289,1,12,226,226,25,12
2045,289,1,13,307,307,11,13
2046,289,1,14,264,264,20,14
2047,289,1,15,164,164,19,15
2048,289,1,16,240,240,24,16
2049,289,1,17,73,73,19,17
2050,289,1,18,242,242,22,18
2051,289,1,19,221,221,22,19
2052,289,1,20,290,290,19,20
2053,289,1,21,278,278,24,21
2054,289,1,22,167,167,22,22
2055,290,1,8,204,209,2,8
2056,290,1,9,207,181,2,9
2057,290,1,10,-35,-2,2,10
2058,290,1,11,-17,-2,2,11
2059,290,1,12,116,-2,2,12
2060,290,1,13,135,134,2,13
2061,290,1,14,-162,-2,2,14
2062,290,1,15,89,87,2,15
2063,290,1,16,21,-2,2,16
2064,290,1,17,-129,-2,2,17
2065,290,1,18,227,194,2,18
2066,290,1,19,127,109,2,19
2067,290,1,20,79,44,2,20
2068,290,1,21,-93,-2,2,21
2069,290,1,22,48,-2,2,22
2070,291,3,8,295,275,10,8
2071,291,3,9,224,221,12,9
2072,291,3,10,243,255,16,10
2073,291,3,11,286,288,15,11
2074,291,3,12,212,206,16,12
2075,291,3,13,308,314,10,13
2076,291,3,14,274,273,10,14
2077,291,3,15,123,125,19,15
2078,291,3,16,195,195,20,16
2079,291,3,17,75,80,17,17
2080,291,3,18,258,243,6,18
2081,291,3,19,225,215,18,19
2082,291,3,20,303,295,6,20
2083,291,3,21,289,282,13,21
2084,291,3,22,173,178,16,22
2085,295,3,8,237,266,13,8
2086,295,3,9,220,205,16,9
2087,295,3,10,243,245,16,10
2088,295,3,11,296,290,13,11
2089,295,3,12,204,201,16,12
2090,295,3,13,309,344,9,13
2091,295,3,14,259,254,13,14
2092,295,3,15,169,164,14,15
2093,295,3,16,199,208,16,16
2094,295,3,17,80,100,12,17
2095,295,3,18,248,236,16,18
2096,295,3,19,63,-15,15,19
2097,295,3,20,294,264,15,20
2098,295,3,21,293,286,9,21
2099,295,3,22,173,178,16,22
2100,299,3,8,234,263,16,8
2101,299,3,9,194,193,15,9
2102,299,3,10,242,244,17,10
2103,299,3,11,293,287,16,11
2104,299,3,12,203,200,17,12
2105,299,3,13,301,336,17,13
2106,299,3,14,268,263,16,14
2107,299,3,15,164,177,19,15
2108,299,3,16,198,207,17,16
2109,299,3,17,75,95,17,17
2110,299,3,18,247,235,17,18
2111,299,3,19,186,197,17,19
2112,299,3,20,293,263,16,20
2113,299,3,21,291,284,11,21
2114,299,3,22,173,178,16,22
2115,300,0,8,295,295,10,8
2116,300,0,9,8,8,11,9
2117,300,0,10,8,8,18,10
2118,300,0,11,-122,0,0,11
2119,300,0,12,-15,-15,8,12
2120,300,0,13,173,173,11,13
2121,300,0,14,78,78,24,14
2122,300,0,15,54,54,12,15
2123,300,0,16,27,0,0,16
2124,300,0,17,70,70,10,17
2125,300,0,18,-11,-10,10,18
2126,300,0,19,47,47,13,19
2127,300,0,20,69,69,31,20
2128,300,0,21,281,281,21,21
2129,300,0,22,163,163,26,22
2130,302,0,8,232,232,8,8
2131,302,0,9,188,188,12,9
2132,302,0,10,246,246,13,10
2133,302,0,11,326,326,14,11
2134,302,0,12,212,212,16,12
2135,302,0,13,263,263,17,13
2136,302,0,14,244,244,11,14
2137,302,0,15,160,160,23,15
2138,302,0,16,202,202,13,16
2139,302,0,17,69,69,23,17
2140,302,0,18,258,258,6,18
2141,302,0,19,31,0,0,19
2142,302,0,20,292,292,17,20
2143,302,0,21,251,251,13,21
2144,302,0,22,168,168,21,22
2145,305,1,8,286,280,19,8
2146,305,1,9,181,181,28,9
2147,305,1,10,241,241,21,10
2148,305,1,11,115,115,11,11
2149,305,1,12,194,216,19,12
2150,305,1,13,151,151,13,13
2151,305,1,14,185,185,18,14
2152,305,1,15,164,164,19,15
2153,305,1,16,200,200,15,16
2154,305,1,17,54,54,35,17
2155,305,1,18,239,239,17,18
2156,305,1,19,95,95,15,19
2157,305,1,20,95,94,13,20
2158,305,1,21,286,286,16,21
2159,305,1,22,-113,-104,15,22
2160,306,3,8,287,267,18,8
2161,306,3,9,220,205,16,9
2162,306,3,10,244,246,15,10
2163,306,3,11,298,292,11,11
2164,306,3,12,215,208,22,12
2165,306,3,13,208,238,7,13
2166,306,3,14,275,270,9,14
2167,306,3,15,165,178,18,15
2168,306,3,16,246,242,18,16
2169,306,3,17,74,76,18,17
2170,306,3,18,248,236,16,18
2171,306,3,19,223,214,20,19
2172,306,3,20,293,263,16,20
2173,306,3,21,279,268,23,21
2174,306,3,22,170,175,19,22
2175,311,2,8,287,287,18,8
2176,311,2,9,214,214,22,9
2177,311,2,10,244,244,18,10
2178,311,2,11,232,233,19,11
2179,311,2,12,198,198,22,12
2180,311,2,13,235,235,26,13
2181,311,2,14,266,266,18,14
2182,311,2,15,72,76,26,15
2183,311,2,16,245,245,19,16
2184,311,2,17,74,74,26,17
2185,311,2,18,238,238,26,18
2186,311,2,19,216,216,27,19
2187,311,2,20,284,284,25,20
2188,311,2,21,276,276,26,21
2189,311,2,22,162,162,27,22
2190,312,2,8,300,280,5,8
2191,312,2,9,176,173,4,9
2192,312,2,10,-60,-53,5,10
2193,312,2,11,51,28,4,11
2194,312,2,12,-13,-5,6,12
2195,312,2,13,199,203,3,13
2196,312,2,14,50,86,4,14
2197,312,2,15,-20,45,4,15
2198,312,2,16,60,54,5,16
2199,312,2,17,75,51,5,17
2200,312,2,18,259,251,5,18
2201,312,2,19,105,101,5,19
2202,312,2,20,78,65,3,20
2203,312,2,21,51,57,3,21
2204,312,2,22,-113,-125,5,22
2205,313,2,8,274,254,5,8
2206,313,2,9,-6,-21,8,9
2207,313,2,10,251,263,8,10
2208,313,2,11,294,290,7,11
2209,313,2,12,176,177,8,12
2210,313,2,13,182,171,7,13
2211,313,2,14,156,141,14,14
2212,313,2,15,84,96,3,15
2213,313,2,16,206,210,9,16
2214,313,2,17,77,79,15,17
2215,313,2,18,259,244,5,18
2216,313,2,19,116,116,15,19
2217,313,2,20,201,168,6,20
2218,313,2,21,256,258,5,21
2219,313,2,22,169,174,6,22
2220,314,0,8,297,297,8,8
2221,314,0,9,224,224,12,9
2222,314,0,10,202,211,13,10
2223,314,0,11,176,176,11,11
2224,314,0,12,180,180,11,12
2225,314,0,13,174,174,10,13
2226,314,0,14,274,274,10,14
2227,314,0,15,129,129,14,15
2228,314,0,16,57,62,12,16
2229,314,0,17,86,86,14,17
2230,314,0,18,-186,-10,10,18
2231,314,0,19,112,112,17,19
2232,314,0,20,194,194,13,20
2233,314,0,21,291,291,11,21
2234,314,0,22,168,168,21,22
2235,316,1,8,279,279,26,8
2236,316,1,9,212,212,24,9
2237,316,1,10,240,240,22,10
2238,316,1,11,315,317,25,11
2239,316,1,12,226,226,25,12
2240,316,1,13,273,273,45,13
2241,316,1,14,258,258,26,14
2242,316,1,15,163,167,20,15
2243,316,1,16,190,194,25,16
2244,316,1,17,75,80,25,17
2245,316,1,18,239,228,25,18
2246,316,1,19,219,210,24,19
2247,316,1,20,286,286,23,20
2248,316,1,21,278,276,24,21
2249,316,1,22,-107,-114,25,22
2250,317,3,8,287,267,18,8
2251,317,3,9,219,216,17,9
2252,317,3,10,242,224,13,10
2253,317,3,11,295,291,14,11
2254,317,3,12,233,228,18,12
2255,317,3,13,297,303,21,13
2256,317,3,14,247,253,13,14
2257,317,3,15,166,179,17,15
2258,317,3,16,112,137,15,16
2259,317,3,17,74,76,18,17
2260,317,3,18,251,236,13,18
2261,317,3,19,227,217,16,19
2262,317,3,20,299,291,10,20
2263,317,3,21,286,275,16,21
2264,317,3,22,172,178,17,22
2265,318,0,8,288,288,17,8
2266,318,0,9,213,213,23,9
2267,318,0,10,238,238,21,10
2268,318,0,11,248,239,9,11
2269,318,0,12,202,202,35,12
2270,318,0,13,255,255,25,13
2271,318,0,14,246,246,14,14
2272,318,0,15,150,150,33,15
2273,318,0,16,233,233,31,16
2274,318,0,17,74,74,26,17
2275,318,0,18,239,239,25,18
2276,318,0,19,103,103,26,19
2277,318,0,20,292,292,17,20
2278,318,0,21,284,284,18,21
2279,318,0,22,164,164,25,22
2280,319,1,8,288,282,17,8
2281,319,1,9,217,214,19,9
2282,319,1,10,233,233,26,10
2283,319,1,11,322,322,18,11
2284,319,1,12,209,209,42,12
2285,319,1,13,258,258,22,13
2286,319,1,14,260,259,24,14
2287,319,1,15,157,157,26,15
2288,319,1,16,241,245,23,16
2289,319,1,17,66,66,26,17
2290,319,1,18,239,228,25,18
2291,319,1,19,178,169,25,19
2292,319,1,20,286,286,23,20
2293,319,1,21,277,275,25,21
2294,319,1,22,163,163,26,22
2295,320,0,8,200,200,6,8
2296,320,0,9,224,224,12,9
2297,320,0,10,231,231,31,10
2298,320,0,11,-19,13,16,11
2299,320,0,12,208,208,29,12
2300,320,0,13,62,0,0,13
2301,320,0,14,73,0,0,14
2302,320,0,15,94,0,0,15
2303,320,0,16,113,0,0,16
2304,320,0,17,-52,0,0,17
2305,320,0,18,44,0,0,18
2306,320,0,19,-117,0,0,19
2307,320,0,20,79,109,3,20
2308,320,0,21,257,257,6,21
2309,320,0,22,169,136,6,22
2310,322,3,8,226,226,14,8
2311,322,3,9,195,195,17,9
2312,322,3,10,251,251,11,10
2313,322,3,11,331,331,9,11
2314,322,3,12,233,233,18,12
2315,322,3,13,234,234,22,13
2316,322,3,14,269,223,15,14
2317,322,3,15,120,120,23,15
2318,322,3,16,240,240,24,16
2319,322,3,17,-3,21,21,17
2320,322,3,18,240,240,16,18
2321,322,3,19,219,219,24,19
2322,322,3,20,290,290,19,20
2323,322,3,21,247,247,17,21
2324,322,3,22,164,164,25,22
2325,323,0,8,267,261,12,8
2326,323,0,9,196,193,16,9
2327,323,0,10,247,251,15,10
2328,323,0,11,324,326,16,11
2329,323,0,12,203,207,17,12
2330,323,0,13,270,266,10,13
2331,323,0,14,240,239,15,14
2332,323,0,15,57,0,0,15
2333,323,0,16,147,151,15,16
2334,323,0,17,50,55,17,17
2335,323,0,18,239,228,17,18
2336,323,0,19,224,215,19,19
2337,323,0,20,243,243,12,20
2338,323,0,21,293,291,9,21
2339,323,0,22,129,129,21,22
2340,329,0,8,284,278,21,8
2341,329,0,9,211,208,25,9
2342,329,0,10,245,249,17,10
2343,329,0,11,316,318,24,11
2344,329,0,12,226,230,25,12
2345,329,0,13,294,290,24,13
2346,329,0,14,265,264,19,14
2347,329,0,15,158,162,25,15
2348,329,0,16,61,59,25,16
2349,329,0,17,75,80,25,17
2350,329,0,18,239,228,25,18
2351,329,0,19,218,209,25,19
2352,329,0,20,285,285,24,20
2353,329,0,21,246,244,20,21
2354,329,0,22,164,164,25,22
2355,331,2,8,-64,-65,17,8
2356,331,2,9,220,220,16,9
2357,331,2,10,236,240,19,10
2358,331,2,11,282,284,19,11
2359,331,2,12,201,205,19,12
2360,331,2,13,298,294,20,13
2361,331,2,14,265,264,19,14
2362,331,2,15,164,150,19,15
2363,331,2,16,244,248,20,16
2364,331,2,17,70,75,19,17
2365,331,2,18,246,235,18,18
2366,331,2,19,193,189,10,19
2367,331,2,20,296,296,13,20
2368,331,2,21,248,250,16,21
2369,331,2,22,160,166,15,22
2370,332,0,8,295,289,10,8
2371,332,0,9,219,216,17,9
2372,332,0,10,240,244,22,10
2373,332,0,11,328,330,12,11
2374,332,0,12,223,217,14,12
2375,332,0,13,303,299,15,13
2376,332,0,14,272,271,12,14
2377,332,0,15,161,165,22,15
2378,332,0,16,244,248,20,16
2379,332,0,17,79,84,21,17
2380,332,0,18,245,234,19,18
2381,332,0,19,220,211,23,19
2382,332,0,20,292,292,17,20
2383,332,0,21,283,281,19,21
2384,332,0,22,166,166,23,22
2385,333,1,8,205,209,2,8
2386,333,1,9,191,182,1,9
2387,333,1,10,220,231,6,10
2388,333,1,11,211,238,10,11
2389,333,1,12,182,186,10,12
2390,333,1,13,200,238,7,13
2391,333,1,14,253,216,3,14
2392,333,1,15,133,115,10,15
2393,333,1,16,109,138,10,16
2394,333,1,17,79,44,10,17
2395,333,1,18,219,186,10,18
2396,333,1,19,127,109,2,19
2397,333,1,20,210,200,6,20
2398,333,1,21,256,214,7,21
2399,333,1,22,115,132,10,22
2400,335,3,8,292,286,13,8
2401,335,3,9,226,223,10,9
2402,335,3,10,4,-7,9,10
2403,335,3,11,296,298,13,11
2404,335,3,12,219,213,18,12
2405,335,3,13,304,304,14,13
2406,335,3,14,268,267,16,14
2407,335,3,15,121,123,21,15
2408,335,3,16,201,205,14,16
2409,335,3,17,72,77,20,17
2410,335,3,18,253,253,11,18
2411,335,3,19,148,181,18,19
2412,335,3,20,292,292,17,20
2413,335,3,21,284,284,18,21
2414,335,3,22,175,175,14,22
2415,337,2,8,202,202,5,8
2416,337,2,9,196,196,4,9
2417,337,2,10,119,119,12,10
2418,337,2,11,115,115,11,11
2419,337,2,12,109,109,7,12
2420,337,2,13,157,157,7,13
2421,337,2,14,48,48,6,14
2422,337,2,15,43,43,7,15
2423,337,2,16,58,58,7,16
2424,337,2,17,70,70,10,17
2425,337,2,18,256,256,8,18
2426,337,2,19,122,122,7,19
2427,337,2,20,75,75,6,20
2428,337,2,21,47,47,7,21
2429,337,2,22,169,169,20,22
2430,340,3,8,270,264,9,8
2431,340,3,9,217,214,19,9
2432,340,3,10,241,241,18,10
2433,340,3,11,333,317,7,11
2434,340,3,12,221,215,16,12
2435,340,3,13,267,263,13,13
2436,340,3,14,278,277,6,14
2437,340,3,15,165,178,18,15
2438,340,3,16,252,256,12,16
2439,340,3,17,74,79,18,17
2440,340,3,18,262,250,2,18
2441,340,3,19,225,215,18,19
2442,340,3,20,299,291,10,20
2443,340,3,21,289,287,13,21
2444,340,3,22,170,176,19,22
2445,341,1,8,288,278,17,8
2446,341,1,9,218,215,18,9
2447,341,1,10,248,242,11,10
2448,341,1,11,294,288,15,11
2449,341,1,12,204,201,16,12
2450,341,1,13,303,338,15,13
2451,341,1,14,274,269,10,14
2452,341,1,15,167,162,16,15
2453,341,1,16,199,208,16,16
2454,341,1,17,76,96,16,17
2455,341,1,18,248,236,16,18
2456,341,1,19,227,200,16,19
2457,341,1,20,301,271,8,20
2458,341,1,21,292,285,10,21
2459,341,1,22,173,178,16,22
2460,345,3,8,295,265,10,8
2461,345,3,9,11,9,13,9
2462,345,3,10,200,217,15,10
2463,345,3,11,291,270,10,11
2464,345,3,12,204,201,16,12
2465,345,3,13,306,341,12,13
2466,345,3,14,274,269,10,14
2467,345,3,15,126,121,16,15
2468,345,3,16,199,208,16,16
2469,345,3,17,76,96,16,17
2470,345,3,18,248,236,16,18
2471,345,3,19,225,215,18,19
2472,345,3,20,293,263,16,20
2473,345,3,21,286,279,16,21
2474,345,3,22,173,178,16,22
2475,347,2,8,280,274,25,8
2476,347,2,9,211,208,25,9
2477,347,2,10,237,241,25,10
2478,347,2,11,284,286,25,11
2479,347,2,12,226,230,25,12
2480,347,2,13,293,289,25,13
2481,347,2,14,259,258,25,14
2482,347,2,15,158,162,25,15
2483,347,2,16,239,243,25,16
2484,347,2,17,67,72,25,17
2485,347,2,18,239,228,25,18
2486,347,2,19,218,209,25,19
2487,347,2,20,284,284,25,20
2488,347,2,21,239,237,25,21
2489,347,2,22,164,164,25,22
2490,348,3,8,274,254,5,8
2491,348,3,9,219,219,17,9
2492,348,3,10,244,248,15,10
2493,348,3,11,332,332,8,11
2494,348,3,12,214,218,6,12
2495,348,3,13,305,301,13,13
2496,348,3,14,248,247,12,14
2497,348,3,15,165,169,18,15
2498,348,3,16,202,206,13,16
2499,348,3,17,70,75,19,17
2500,348,3,18,257,246,7,18
2501,348,3,19,227,200,16,19
2502,348,3,20,251,243,6,20
2503,348,3,21,251,249,10,21
2504,348,3,22,163,169,12,22
2505,349,2,8,288,282,17,8
2506,349,2,9,214,214,22,9
2507,349,2,10,244,248,15,10
2508,349,2,11,314,316,26,11
2509,349,2,12,215,215,36,12
2510,349,2,13,111,96,24,13
2511,349,2,14,266,265,18,14
2512,349,2,15,161,165,22,15
2513,349,2,16,244,248,20,16
2514,349,2,17,60,65,32,17
2515,349,2,18,241,230,23,18
2516,349,2,19,225,215,18,19
2517,349,2,20,291,291,18,20
2518,349,2,21,286,284,16,21
2519,349,2,22,173,178,16,22
