,i,RAC,return,actions,Actual Path,ground_truth
0,0,106.37316799999999,85.0043389170985,"[22, 23, 37]","[0, 19, 20, 21, 22]","[  0.           2.00078604   9.78737984  44.81786398 186.75579901
 -39.0911152   38.0035367   -3.02714417  -1.03218852   8.21197004
   5.76174285  58.17094028  15.2207545    1.21675016   8.87726465
  13.34697309  59.76316293  -4.10316528   1.56533851  -4.2704787
 -25.52989816  13.07237191 103.73234386 -29.68660082  90.79018496
 -29.08731349   0.45758517  -3.743677    61.31116857  58.7743508
   3.09894851   3.7816252  -17.75571495 -79.23185873 -13.91648597
   3.12697938   6.1514534 ]"
1,1,106.373168,104.52398714017343,"[22, 23, 37]","[0, 19, 20, 25, 23, 22]","[  0.          -3.05878207  -5.28171752 -21.45937244  86.54076293
 -92.06154788  69.79247057 -15.22413802   3.19039096  -4.98740751
  58.48431748 -82.40562838  -6.44834408  -3.84054355  22.67538885
 -43.99565069  -6.8971283  -17.55716836   0.21106873   2.91407607
 -11.00619177  22.8944742  108.19088647  20.09977356  36.03423797
 -13.67455718  -1.22890226 -18.71538869 -10.71552319  21.21421867
 -13.83321503  -3.96753527 -13.743454   -33.80822566 -26.84984523
  -0.25329198  -5.58655174]"
2,2,131.6189408799223,16.92381815492621,"[22, 4, 37]","[0, 19, 20, 21, 22]","[ 0.00000000e+00 -2.81334136e-01 -2.13619610e+01  3.28054162e+01
 -1.79343559e+02 -3.36698946e+01  2.01152567e+01 -2.49057617e+01
 -1.05795222e+01 -1.81801523e+01  2.20581618e+01  9.16883205e+01
  8.30787860e-01 -1.11792545e+01  1.07811664e+01 -2.38463880e+01
 -7.65219861e-01  2.35000244e+01 -3.73935475e+00  4.51262549e-02
 -8.78107893e+00 -3.12868341e+00  3.07884542e+01 -3.95511620e+01
 -1.35528786e+01 -4.72368062e+00 -6.37655012e+00 -2.37522457e+01
 -5.68486891e+01 -6.13980783e+00 -5.38113920e+00  2.23136679e+01
 -4.86953515e+01  4.50906019e+00  1.48177815e+01  2.71926773e+01
  2.50928603e+00]"
3,3,106.37316799999999,154.19078587502722,"[22, 23, 37]","[0, 19, 20, 25, 23, 22]","[  0.           2.18254925   0.96497468 -37.26985407 -27.73882025
 -14.19035917  -3.30965926 -12.54001354  -0.43818169  -9.54436061
 -52.55459013  35.38489522  17.62636084  17.09573064   1.00067284
 -16.18709658 -21.8143979  -30.92954631   4.91183717  -5.50533815
 -11.85046527  -4.11299799 178.33780261   9.46865069 -40.9514056
 -14.259864     6.25244966  -3.21026726 -30.75345401  -9.20122889
  14.90112533  19.76110783 -24.88246658 -25.05667645 -32.15064378
 -48.38166346  -4.61896011]"
4,4,137.41959189564236,8.676568287984018,"[22, 4, 37]","[0, 19, 20, 21, 22]","[  0.           2.49975667  -9.95908931  13.87197017 -41.830152
 -63.3830894  -25.90827068  11.97150348   3.32250033 -22.94953266
  24.74678756  -3.51947713   8.50144793   3.32253145 -23.13632522
  14.03988612 -24.27549132  30.93958658   3.61670804   0.23067784
  -9.82991653   1.08865478  19.18715221 -48.35792637  88.93440868
   7.88590429  16.92357715 -22.25624308  65.42990167 -54.43862367
 -13.02451667   5.42451308   0.96012494 -94.32294532 -44.22336175
  16.75672708  10.43935434]"
5,5,106.3014690133075,82.0808567922824,"[22, 5, 4, 37]","[0, 1, 2, 7, 5, 4]","[   0.           -1.65435076   24.30771187   -5.04184259   10.96098416
   63.29924468  -36.36929619  -11.83273316    1.87603226   -6.59739916
  -47.7105845    -8.19506042   -7.17657894    6.03471603  -33.29577059
  -28.00716151   46.05564038   37.14662014   -7.55589779    3.22423755
   -9.80607885  -17.13706309 -104.62550199  -16.90031717   39.85759308
   14.24842542    0.59144243   -7.26621757    0.13155372   -4.23721768
   15.86106639   -6.3157163    -0.12389817   -4.04270447   -2.09232603
    4.98435317    0.98830046]"
6,6,114.2013055752823,-231.054153197695,"[22, 5, 6, 37]","[0, 1, 2, 7, 6, 4]","[   0.            3.64501962    2.17820788  -17.98183593 -248.67806516
   36.53006085   45.08254904  -30.28186457   16.39291083   -8.59787206
  105.25122229   24.07289      -6.7176323    12.37737843    2.22256334
    5.16604992    3.04510449   -3.10256317    3.17112672    4.05327502
    3.54808609   36.25180628 -162.77709651  -18.54527864   32.98615379
  -23.52862961   15.6448966    14.25410189   -7.24026391   21.36798102
  -11.7322592   -14.81853269   17.14495237   37.72395949    4.57765737
   -0.43913367  -10.63572273]"
7,7,149.19328784749496,10.566895905661951,"[22, 4, 23, 24, 37]","[0, 19, 20, 25, 23, 22]","[ 0.00000000e+00 -2.32968685e+00  3.28201637e-01  8.15032566e+00
 -7.88923029e+01  8.26229162e-02 -3.56154343e-02 -3.50944861e+01
  1.01765801e+01  1.20099703e+01 -2.50171590e+01 -6.86193045e+00
  1.01059875e+01 -2.61356415e+00 -4.85498157e+00 -5.81296565e+01
  2.21832125e+01  2.47761811e+00  1.37229962e+00 -7.63262266e+00
  1.65069969e+01  3.08671071e+00 -4.64567932e+01  8.11628888e+01
 -1.81544119e+00 -2.90135740e+01 -4.05227855e+00 -4.57663020e+01
  4.19758620e+01 -1.66589727e+01 -1.48510705e+01  1.07247013e+01
 -3.30215118e+01  2.14171743e+01 -8.25765921e+01 -1.32431868e+01
 -6.02109923e+00]"
8,8,282.26994528372404,6.719522672612257,"[22, 4, 23, 24, 28, 29, 33, 34, 25, 35, 30, 21, 37]","[0, 19, 26, 30, 28, 22]","[   0.            5.45641367  -19.46970309  -27.72699064 -229.64915742
   96.39337213   69.11344674   44.09112569    7.94827639   19.52842193
  -47.33708589   76.65454442  -22.46653601   -6.6403547    -7.56717141
  -31.66461086   34.38192437   -4.61577991   -0.32830514   -1.04318117
   13.4686857   -12.13905595  -20.90978564   16.96205684  -65.83960419
   -9.670819      5.3546825    23.32280973    6.46732435  -26.91335708
   28.85048263   -2.21480611    0.62528627    7.27718352   -2.51714919
  -10.8313692     2.37259209]"
9,9,106.37316800000004,129.53370378110745,"[22, 23, 37]","[0, 19, 20, 25, 23, 22]","[  0.          -1.44772035 -11.16066303  -0.25765513 -37.83614642
 -19.24541452 -60.69324715  -9.81743962  -2.40680579 -12.9589492
  25.43564321  69.60469221   5.93364435   7.07503662  36.45631526
  17.23076118  61.70918502 -18.01442343  -0.68562505   6.48789506
   6.75271167   0.63916234 110.17750756  15.22037866  20.65469949
  -7.10478917   2.08777001   6.56822152 -19.92899066 -83.67107094
  -1.65175481  24.55182652 -53.44220008 -36.53117122  -9.09257429
   5.38630754   5.65230628]"
10,10,131.04895815996696,48.08831234135695,"[22, 4, 37]","[0, 1, 2, 3, 4]","[ 0.00000000e+00  3.57639487e+00 -1.54540029e+01 -1.67676999e-01
  6.21335974e+01 -2.88034224e+01  1.06204634e+01  2.17097051e+00
  4.29143093e-02 -3.49200421e+00  1.73210476e+01  4.81214950e+01
 -1.93013134e+01  1.02827408e+01  4.57260260e+00  1.78055045e+01
 -4.54640885e+01  2.70273757e+00  7.42268501e+00 -5.39902443e+00
 -1.97772828e+01 -3.48674459e+01  3.19284197e+01  9.53986932e+01
  4.49476501e+01  3.34524443e+01  9.91492158e-01  2.79599275e+01
 -1.08499195e+01  2.45281674e+01 -5.34634377e+00 -5.49309014e+00
  2.65416592e+00 -1.90456806e+01  5.23389232e+01  3.90026558e+00
  2.00104994e+00]"
11,11,106.373168,156.0620608986603,"[22, 23, 37]","[0, 19, 20, 25, 23, 22]","[  0.          -1.43036498  -4.84565132 -53.06637119  -0.82846294
 -12.78525455 -21.46517449   6.30805337   4.21050716 -21.31205961
 -35.4495868  -19.02933971  13.7936462    5.61192176 -26.1109702
 -44.77901046  29.47349565  31.49268146  -0.15537544  -3.41723314
  10.95629699  -6.19153274  87.09026698  61.96286533  25.2031929
   1.46986474   7.32271354 -12.85150785  -7.12372701 -22.95818238
  -4.08750631  -4.864951    -3.71550648 -15.22145667   3.55910541
   1.27343323   1.48173554]"
12,12,108.56750119949973,88.73596243007404,"[22, 4, 37]","[0, 19, 20, 21, 22]","[  0.          -3.4071294    2.42439497 -34.01471268  75.31428339
 -61.38885361   0.20508313  -2.4045534   -8.06981879  57.4363879
 -23.91291678  18.89827974  21.91912236 -12.15168801  26.84712743
  -4.88599151  40.50061908 -18.27738293  -5.14765104   6.04898225
   5.01872304   2.77692354  76.8913336   21.0933066  -46.17440941
 -44.26666959 -16.8175651  -35.76188502 -88.7413978  -25.89723121
 -10.56808642  -0.39209175   4.29951897 -15.3743521  -10.15616312
   1.46504149  -4.98601919]"
13,13,106.373168,126.178312707885,"[22, 23, 37]","[0, 19, 20, 21, 22]","[ 0.00000000e+00  3.76883189e+00 -4.45030783e-01  9.03624677e+00
  1.34510171e+02  2.12935155e+01  5.40075160e+01  1.72242275e+01
  1.47868574e+01 -2.09075426e+01 -3.15595610e+01 -5.04642378e+01
  1.12569357e+01 -2.43326252e+00  1.82748141e+01  1.26940369e+01
  5.09213121e+00  4.30076593e+01  3.03144328e+00 -1.33858250e-01
 -9.84160782e+00  2.38141055e+01  1.14339673e+02 -4.34872636e+01
 -5.80845330e+00  4.75715677e+00 -1.63909341e+01 -5.56269033e+00
  5.59695368e+01 -6.46043185e+01  9.81743665e+00  1.89274222e+01
 -1.24195940e+01 -1.81500952e+01  8.69806638e+00  1.02865771e+01
  1.98620663e+00]"
14,14,106.37316800000005,130.02174551121033,"[22, 23, 37]","[0, 19, 20, 25, 23, 22]","[ 0.00000000e+00  3.95930123e-01  1.73976528e+00 -1.44673132e+00
 -2.00432940e+02  5.78711253e+00 -6.00467449e+01  4.22218902e+00
 -5.58205055e+00  2.16905813e+01 -7.45156496e+00  5.86454992e-01
 -2.15113894e+01  6.42252074e+00 -3.60673423e+00  2.48120101e+01
  3.24389734e+01  1.55587173e+01 -1.18744839e+00 -9.45956173e+00
 -1.17212179e+01  1.67241394e+01  1.21112808e+02  5.17239744e+01
 -2.19732466e+01 -1.96342573e+01  9.14672758e+00  1.74614076e+01
  8.84445668e-01 -1.65743341e-01 -2.69825230e+01 -2.08217846e+00
  2.65308057e+01 -3.66504232e+01 -1.88005259e+01 -2.98885041e+00
 -1.62630058e+00]"
15,15,139.71173928759077,11.658433898050749,"[22, 4, 37]","[0, 1, 2, 3, 4]","[ 0.00000000e+00  1.69642353e+00 -1.55908534e+00 -1.00357935e+01
  2.35568892e+01 -7.05442103e+01 -4.38344818e+01 -2.17553148e+01
 -3.05170052e+00 -9.47496744e+00 -8.02378154e+00  1.42078709e+01
  1.37903545e+01  4.10589675e+00 -1.12995687e+01  2.39756276e+01
 -6.51745221e+00  3.20042900e+01  3.40813602e+00  7.44005067e-02
 -8.77796322e-01 -1.96423568e+01  1.46028574e+01 -4.54974914e+01
  1.39601031e+01 -3.71702632e+01 -1.16718189e+01  2.84979366e+01
  5.98626145e+01  5.15972822e+01 -3.62349053e+01 -1.49830721e+01
 -2.90028644e+01 -6.77562785e+01  9.09056110e+00 -9.79469422e+00
 -2.64253257e-03]"
16,16,130.4326796715112,39.99612407906227,"[22, 4, 37]","[0, 19, 20, 21, 22]","[   0.           -7.64236729   -5.9446798     1.32660747 -123.54948732
  -24.85474434  -35.55791196    9.97819711   -7.86897102    2.37487128
  -30.27452542   19.73467635  -16.78808626  -10.15021854   -6.8503937
   75.37856033  -10.83651638  -29.03438677   -5.40079481   12.82538281
   -2.20222755   -1.78800784   33.16097666   64.49044744   28.63859027
   13.17264526    2.10741163  -11.28886995    5.60743649  -13.5379165
  -28.09655118  -24.86642177   25.47086938   43.18991432   25.93609421
   11.12840284    1.16768775]"
17,17,117.53314146914732,121.59114333346112,"[22, 4, 37]","[0, 1, 2, 3, 4]","[  0.          -9.27314039   6.23901111  22.90622579 103.71904682
  75.46555719  -4.46793161  -7.24202677   1.48675045  -8.75566305
  86.8502799   46.09241002 -36.37624679  -1.38049341  10.79679228
 -71.01129148  52.59506144  -9.46896094  -5.4611495   -1.25013721
  -9.82294304  20.62538185  58.96005306 -17.86586417 -32.25440328
   2.62535517 -12.12560238   3.19981707 -30.20892143  13.9958397
  19.55083529  -1.3858525    2.0771261   12.02364144  38.72821182
  17.39247684   2.83891544]"
18,18,119.99850718276781,99.11298989714521,"[22, 5, 6, 37]","[0, 1, 2, 7, 6, 4]","[   0.           10.95101179   -1.34892147    3.21035965   44.26978432
   24.93565763   40.35613944    7.88497581   -3.36386703  -12.91812926
   32.2183082    16.65771354   11.49239498  -11.01671333  -19.89513744
   53.82077927   23.27471254   10.74477425   10.33523432   -1.45162058
    6.01365073  -11.29053641 -140.15419899  -40.88008942   35.34078189
  -10.67488983  -13.50432184    4.60188032   35.79419335   54.83039692
   49.27403209   11.27901366  -16.38428299    2.69856571   43.08865016
  -11.07089923    3.38808659]"
19,19,106.37316799999999,222.92232241145956,"[22, 23, 37]","[0, 19, 20, 25, 23, 22]","[ 0.00000000e+00 -1.70232504e+00 -5.77748542e+00 -8.08063110e+00
 -6.03289427e+01 -9.75409114e+00  4.14137495e+01  1.16150682e+01
  2.52413736e+00 -2.92509191e+01 -6.19336529e+01  1.06109091e+01
 -1.79241652e-02 -1.01599240e+01  2.23979213e+00 -4.76780821e+01
  6.22217560e+01 -1.86659984e+01  2.63267125e+00 -7.49822907e-01
  5.22785746e+00  2.68430974e+01  1.87022552e+02  5.02397630e+01
  3.63441322e+01 -1.68180276e+01  1.00558510e+01 -2.04760836e+01
  7.27095651e+00 -1.66672378e+01  3.95681750e+01  1.91744468e+01
 -2.06201400e+01 -1.93324766e+01 -2.58032060e+01  1.20696314e+00
  2.73965219e+00]"
20,20,106.37316800000005,183.47176632327577,"[22, 23, 37]","[0, 19, 20, 25, 23, 22]","[   0.            0.97932511    3.57536516  -46.86523811 -108.48325873
   22.38785158   37.57877399  -19.56962084    5.0309684     8.12828938
   12.9384404   -19.73643528  -15.84033582   -8.42367934  -25.59005323
    9.82860678   -1.76779203   31.35265106    5.2555434     2.03184213
   -1.68646101  -63.79405578  134.41587111   53.31112833   -9.73355064
   -2.60061423   -1.09017371   31.12372879    5.15113411  -82.67794891
  -17.70986309  -11.04579483   18.65732693   82.39352006  -37.39751832
  -32.25980436    2.63534859]"
21,21,145.64294244033334,56.26597000749602,"[22, 4, 5, 37]","[0, 1, 2, 3, 4]","[  0.          -0.55598025  10.41796799 -25.13478588  74.53876815
 -68.44215043  -8.23457527  -4.69142582  11.28144044  -0.25251903
 -24.52801148  54.94753999  32.21983953  -6.89228271  13.83847421
 -17.9246241    6.49369867   5.14458268  -6.3772793    0.32002217
 -10.61856618 -19.78736787 -54.92678712 -79.36726457 -59.05768488
   4.63605919   6.44159274  17.04245391 -18.56074874  27.8870639
  31.35764353  11.78556206 -27.67913737 -69.89335181  16.10895165
  24.88965596  -0.11918176]"
22,22,198.36283456417908,5.625937218952892,"[22, 4, 5, 6, 10, 11, 15, 17, 16, 37]","[0, 1, 13, 17, 15, 4]","[  0.          -7.31675326  10.81791679  -4.78650336 -49.11291362
 -40.09088041  36.75286012 -22.07264202   6.26493456 -11.23027561
   1.15420473  -9.23068751  11.75504429   7.52317579 -21.17005109
  42.23889655  29.91001062  21.29353176   7.60064794  -7.44301468
  18.59989892 -31.97226054 -77.52883353  13.49300006  41.86914901
  12.58286681   3.63059095  11.11499394 -43.54198128   0.94779087
  49.98353281 -24.90030393  -4.69724775  -3.90253838 -35.46117366
  -2.73426475   0.50989463]"
23,23,114.72345005112977,79.49272718806336,"[22, 4, 37]","[0, 1, 2, 3, 4]","[  0.           0.12906541  -7.77619413  18.97267645  70.16717946
 -42.04326256 -14.70192464 -22.74919381 -13.22147523  35.44516557
 -13.89835964  26.80560652   6.44543041   0.60342934 -20.86900003
 -40.39767506  17.6694549   22.57753707  -9.19033884  -4.69384316
  -2.01840522  20.90742555  64.5794359   32.48474679   9.64425203
 -19.05019062  -1.36266756  25.34496417   6.94534578 -48.93019097
  28.30639962   4.5771098   14.57751686  78.73738924 -21.91152031
 -13.58836543 -12.53115159]"
24,24,106.37316800000002,165.60553677473533,"[22, 23, 37]","[0, 19, 20, 21, 22]","[ 0.00000000e+00 -3.85016726e+00 -3.16280360e+00 -1.98162077e+01
 -1.07081626e+02 -5.75485312e+01  2.25766741e+01  5.91443775e+00
 -1.62640423e+01  4.39130397e+00  2.71521920e+01  7.55709093e+01
  1.92307680e+01  1.04011196e+00 -9.62330635e+00  3.40091412e+01
  5.81369867e+01  2.11547487e+01  8.27808036e-01  2.57509189e+00
 -1.33693569e+01  1.12572227e+01  1.67142579e+02 -2.53311934e+00
  4.86673446e+00  2.41520508e+01 -2.04021491e-02  3.25559149e+01
  1.41797114e+01  4.15011053e+01 -7.71367026e+00  5.19818001e+00
  3.37316577e+01 -5.30385258e+01  5.71593480e+01 -4.17870855e+01
 -6.49099687e-01]"
25,25,106.37316800000002,345.29128809374964,"[22, 23, 37]","[0, 19, 20, 25, 23, 22]","[  0.           5.13445152  -8.39584849 -11.82363036 -95.68882967
  -8.89302777 -24.7966043   36.75809156 -20.53230756  17.37166103
 -36.82937758  -9.29247454  43.05913796 -13.34661471   1.52759301
 -49.84357107  48.09089228 -20.99883165   5.28305054  -2.09838835
  22.94842342 -51.88974752 338.73076798  27.23555693 -63.1077379
 -39.52507188   5.33339823  -5.81739424 -20.54078675  79.30504307
   4.52002101 -18.39904958  32.15341653  15.53167745  15.98928257
   8.109532     1.08500886]"
26,26,127.03131948039211,-52.77614846462211,"[22, 5, 6, 37]","[0, 1, 2, 7, 5, 4]","[   0.           -9.706182      7.13785479   13.24296297  -22.8862121
   10.87003304   -1.16275802  -35.19164219   -7.94280551   12.45244997
    6.37361201  -52.572141     19.12513083   -7.96090732  -18.50426632
  -41.27908772  -23.37337856   54.9185054     2.48809608   10.44055478
    0.68825104    5.4727549  -116.39207195   41.74114988   58.33429934
   11.65263641    6.39545181    4.27168302   12.06200274   32.41046106
   20.66643437  -11.56486348  -12.80985197  -15.29368863  -76.95287138
   29.58161892    5.66302884]"
27,27,135.2777655649873,22.63511348096946,"[22, 4, 37]","[0, 19, 20, 21, 22]","[  0.          -1.51776689   6.19075662   7.91997098  22.34056478
  -2.17357669  -7.17105304   4.85663945   8.21056548  24.34107317
  22.37794641  15.06971776 -11.22278352 -10.07683654  24.52366465
 -21.21826047 -11.01932335  -5.82486694  -1.18697297  -2.55173534
  -5.45853174   9.17457569  23.47080487 -16.70618123  15.04904358
 -24.26749471   4.19917036 -52.43381122  28.92247085 -35.81684608
  -3.4118561   17.19134113  51.43735556  -7.73520123   3.26044813
   9.12653206  -4.21614414]"
28,28,162.08286397870168,63.15906869440151,"[22, 4, 5, 37]","[0, 1, 2, 7, 5, 4]","[  0.           8.34560026  -2.64279962 -19.35669859   5.91884253
  60.58479957  13.47481776  -6.04737404  -8.38641804 -10.35462502
  10.14031455 -99.38815944 -13.02839736 -17.75469152   4.68571654
  49.57599435 -26.013371    -5.32429852  -2.69359885   2.10370264
  -0.95286326 -15.39752196 -22.04694404   7.07235786  29.48224762
  13.87725284  -8.1553033    7.75360908   4.26148023 -12.58307694
 -13.99425711   0.5298828   18.68215687  58.39488539 -63.15508466
  19.04532867  -3.01229721]"
29,29,156.69236182301555,127.91879005189296,"[22, 4, 5, 37]","[0, 1, 2, 7, 5, 4]","[  0.           3.53016048  19.15984703 -42.83510991  71.90568902
  18.68290462  30.66890127  17.6401889    8.08750659 -18.94329695
  -5.16153736 -25.23441756 -28.76845672   6.52204946  19.69891211
 -45.77625615  15.4734579    8.5316979   10.53230638  -0.98932765
  -2.48400297  34.27635787 -32.82794835  53.8990384   13.72877373
 -17.91350177  21.18251309  -5.72195587   9.72915266 -24.75901072
  32.75699956  -0.5811961  -36.7388055  -31.1401278   33.32800918
  -0.88575529   2.77197565]"
30,30,167.7427223629994,27.71638050030713,"[22, 4, 5, 6, 37]","[0, 1, 2, 7, 5, 4]","[ 0.00000000e+00  7.63952676e+00 -9.70710938e+00  9.41119232e+00
 -1.00696716e+01  1.21517274e+01 -6.90384971e+01  3.17019074e+01
  1.34296593e+00 -2.21371093e+01  6.31290220e+01  4.29991771e+00
 -1.52809565e+01 -7.75188509e+00  2.76769433e+01  3.04154034e+01
 -1.14258206e+01  1.07673495e+01 -1.04194832e+01  4.68890855e+00
 -5.77799619e-02 -9.34957934e+00 -5.07618359e+01  4.25792837e+01
 -1.16134704e+02  3.23378075e+01  1.42550989e+01 -1.32951024e+01
  3.94007144e+01 -6.80186106e+01 -2.20028761e+01 -1.31564409e+01
  1.62100182e+01 -4.17911350e+01 -2.75691749e+01 -1.70551373e+01
  5.56736054e+00]"
31,31,106.37316800000002,253.1279115633135,"[22, 23, 37]","[0, 19, 20, 21, 22]","[ 0.00000000e+00 -1.66684334e+00  8.10919856e-01 -1.58205390e+01
 -2.18599671e+01 -3.05278737e+01 -3.10848098e+01  3.69871305e+01
 -7.05600311e+00 -1.72084067e+00  1.15173320e+01 -5.25546086e+00
 -1.96548830e+01 -9.18791287e+00  2.39886898e+01 -1.36549697e+01
 -7.03442924e+01  1.02234940e+00 -2.85964496e+00 -3.50283021e+00
 -9.35106242e+00  3.06897199e+01  2.37292084e+02 -1.74050533e+01
 -5.38207582e+00 -4.19129482e+00 -7.66850154e+00  7.99408715e-01
  2.44711187e+01 -1.05530125e+01  1.03455950e+01  6.86706359e+00
  2.20091172e+01 -3.68446228e+00 -1.66667602e+01 -4.39635871e+00
 -8.87780450e-02]"
32,32,123.6641109395083,87.88670194004769,"[22, 4, 37]","[0, 1, 2, 3, 4]","[ 0.00000000e+00  4.91851717e+00  5.80922831e+00  1.40568882e+00
  7.77532676e+01  2.32783498e+01  5.88716211e+01  3.32636202e+01
 -2.61177121e+00 -1.37735363e+01 -2.77969305e+01  7.76169384e+01
  3.61083038e+01  4.56313852e+00 -1.14962408e+01  4.56722014e+00
  6.05432308e+01  7.02263681e+00 -4.44666070e-01  4.58477114e+00
  5.05645125e+00 -1.63054222e+01  4.66981141e+01 -1.69984988e+01
  1.58492608e+00 -1.05592784e+01 -5.10303679e+00 -1.77657030e+01
  4.35049894e+01  2.69356905e+01 -2.13463407e+01  1.21804998e+01
  6.72742510e+01 -3.32901361e+01 -1.36139352e+01 -3.71714309e+01
  4.11532800e-03]"
33,33,127.36884998646491,2.3707118918044685,"[22, 5, 6, 37]","[0, 1, 2, 7, 5, 4]","[   0.           -8.01490278  -15.35217871  -11.4080179   -21.67283012
   10.19497203   -5.97799748   40.21565147   -0.96784158    8.44403321
   -9.01846254  -25.51772373   -0.32572607   10.44216778  -21.69760657
  -88.23699309  -38.04876021   16.65946375   -5.00104083    1.71731372
   15.46030263   13.80161891 -245.50240367   13.37867319  -25.658347
   -4.44993488  -12.30374401    4.11696484   32.8548562   -19.75121557
  -28.17587031  -12.16323814   34.68598104   -8.27159447  -29.32754304
   15.48325818   -3.8868811 ]"
34,34,173.90138730172788,74.09007672007122,"[22, 4, 23, 24, 37]","[0, 19, 20, 25, 23, 22]","[  0.          -3.73659091 -15.61176995  -9.28506244 -35.2062344
 -51.25967507  11.57196959  19.6005701    4.77924222   9.01636267
  30.09773798 -20.42287175 -14.11504274  -4.24317252  -4.64324252
  72.60561905 -83.78997464  20.71912227  -7.17070331  -1.39114349
   0.5951449  -26.16624273  -0.15435625  50.44187715  -7.45295996
  28.59855441  -7.91101977  -5.9547844   38.47798387 -42.81762675
 -24.10936429   6.4403071    1.13844323  56.74184443 -45.71779279
   4.31639095   4.62803201]"
35,35,143.6391692478424,16.16683512427833,"[22, 4, 37]","[0, 19, 20, 21, 22]","[ 0.00000000e+00 -2.06796091e+00 -7.66026008e+00 -1.84825333e+01
 -1.42159783e+02  3.22102395e+01  4.59544704e+01  2.33885679e+01
 -8.02009284e+00  1.44495528e+01  2.11948145e+00 -4.72608064e+01
 -1.35230232e+01 -1.66226591e+00  9.34870383e+00  1.33487644e+01
 -3.39863129e+01  1.37365510e+00  9.29098663e-02  6.57766543e+00
  1.16477456e+01 -6.80657342e+00  6.74799750e+00  9.03514603e+00
 -1.50248167e+01  1.10662660e+01 -1.37090403e+01  1.96528667e+01
  1.15479540e+01 -6.38924228e+01 -6.74090575e+00 -8.16794936e+00
  2.15938488e+01  1.71664684e+01 -4.99225284e+01 -1.36427117e+01
  2.17456413e+00]"
36,36,114.34217077085593,47.55888781634434,"[22, 4, 37]","[0, 19, 20, 21, 22]","[  0.           7.60549593  -5.11876245  23.00389271 -59.07168066
 -30.75061007 -13.40036664   1.85998887 -13.77553112   4.55833933
 -23.60658519 -51.87759562 -31.96117588  -2.97409012 -29.03115898
  -7.99447168 -22.10982518  39.16919539  -8.52416955   4.56714519
  -6.91922222 -13.43102962  65.34199446  89.49147411   6.27046796
 -32.40385323  -4.9595839  -20.44352598 -87.8853951  -10.10572266
 -21.24920999  18.42721846 -10.37566654 -43.81522665  56.60775008
  -1.66428934  -6.51579712]"
37,37,157.0655236811534,186.31035961432715,"[22, 4, 5, 37]","[0, 1, 2, 7, 5, 4]","[  0.           3.37154033   3.46647026 -26.00692342 151.85118789
  39.59294822  11.10723589  -8.97178709   9.61966244 -16.55157278
  21.38628261  49.13544755  10.39184667  -0.63354819  -0.69586715
   1.82262188  57.92100527  37.87011066   2.01516152   0.96213044
  -3.0369305  -17.19542786 -32.08162464 -82.76591715 -28.40524944
  12.43100596  12.21486258 -34.32906481 -15.83401914  50.95103098
  -0.19336245  -1.38041128   8.88328451 -81.88269757  -9.04250576
  32.55907116  -3.96539018]"
38,38,122.1926304491539,132.13046346779643,"[22, 4, 37]","[0, 1, 2, 3, 4]","[ 0.00000000e+00 -1.61561676e+00  1.27746415e+00  5.59545824e+00
  1.28873158e+02  6.50118525e+01 -1.87676161e+01 -2.49880060e+01
 -2.60425238e+00 -2.95100806e+00 -1.92073050e+01 -6.83370127e+01
  2.20376587e+01 -5.00898769e-01  5.08388131e+01  4.83856938e+01
  7.75630078e+01 -5.94421394e+00  6.60456515e+00  9.86795523e-02
  4.86422051e+00 -3.73366097e+01  4.96410751e+01  5.67687148e+00
 -1.84785425e+00  8.52326126e+00  6.46361068e+00  1.69420003e+01
  7.59572786e+00  2.79727269e+01 -1.34329418e+01 -7.51860520e+00
  3.15856338e+01 -2.39303933e+01  8.42572303e+01 -2.43896445e+01
  1.07977745e+00]"
39,39,105.93187832225176,105.715288309389,"[22, 5, 4, 37]","[0, 1, 2, 7, 5, 4]","[   0.            1.10560521   -1.45327307    2.46398337   60.60269739
   96.91080058  -76.66434163  -48.4505418     6.46294218    4.03001273
   -6.2685273    30.88183056  -27.15219842    7.0171738    21.0664932
   10.79627688  -38.83417088   20.95763575    6.09590501   -0.25839991
  -11.08271712    6.626026   -163.41161886    4.55118737   22.40043755
   39.16053598   20.63526313   11.61992396   40.04027304   21.51090914
  -18.48166298  -26.61530453   15.7356004    19.91413355   10.38090201
  -17.86536219   -4.87891324]"
40,40,145.10956084845796,0.5462440473853754,"[22, 4, 37]","[0, 19, 20, 21, 22]","[   0.           -0.63068207   -6.84606359   18.57429497 -184.44010341
  -18.68009696   91.69961373    9.77620109    7.10266991   21.11068886
    2.16292401   10.31813665   11.76563299    8.85244239  -20.34014048
   -5.34772125  -17.52742005    9.86886989   -0.9950456    -6.37491804
    2.93494154    2.17900624    3.8072143    50.90559452   42.85791598
    8.31636024   15.50679231   -6.22757834  -55.16959629   54.85635147
    0.55423305   -3.20399577  -16.9234081   -17.33715678  -53.48138015
    4.18344341   -7.12160651]"
41,41,153.29995272476387,38.23988514331349,"[22, 4, 5, 37]","[0, 1, 2, 3, 4]","[  0.           0.52424026   2.50527816 -18.50399931  56.71436603
 -41.60720864  -6.14703806  15.79703621 -12.26215846 -18.96013975
 -22.78615768 -39.08600859 -15.41263422  -0.33711291 -20.6571849
  45.69709507 -24.39112031  29.38832774   7.46339418   3.53562614
 -18.58490257 -27.41247542 -39.61276655 -60.61159783  48.00240743
 -36.45238287   2.69384541  -8.92848751  44.572544   -55.23210393
  20.30849035   2.24081283 -12.89102229  26.46126641  51.71859381
 -17.90624091  -2.84155327]"
42,42,142.9614757187246,9.18282773535923,"[22, 4, 37]","[0, 19, 20, 21, 22]","[  0.          -0.69132151   6.47688538  30.46059713 -23.41533747
  -9.36547828  63.16851262  15.34869458  -4.69474386  10.85120087
 -18.53670771 -18.62919014   4.83924543 -19.13280245 -34.49835665
 -22.49150117 -40.51324481   6.28494665  -4.54012038  -7.06151851
  14.65648769  -4.51552601   8.10338456 -56.98992745 -21.77530898
   2.21845179 -11.50993577   7.51396037 -24.0255476  -11.66774999
 -12.03413224  18.52278185  -0.26994449 -42.30843716  32.90179648
 -24.416873     1.04431798]"
43,43,106.37316799999996,258.1188815651872,"[22, 23, 37]","[0, 19, 20, 21, 22]","[ 0.00000000e+00 -4.54240716e+00 -3.78503106e+00 -1.06983120e+01
  8.58073346e+01 -1.65203993e+01  1.99275434e+01  4.02039850e+01
  1.26286154e+01 -8.78429714e+00 -1.38575157e+01  1.82127864e+01
 -3.33732541e+01 -8.62085495e+00  9.85821696e+00 -4.97253585e+00
  7.74054515e+01 -1.23688531e+01 -5.23419493e+00 -4.44808794e+00
  1.40405372e-01 -3.21659372e+00  2.67643158e+02 -1.59646287e+01
  2.17778253e+00  1.76836363e+01 -1.07980561e+00  1.11121397e+01
  1.57962654e+01  3.34882009e+01 -2.81575634e+01  8.07849414e+00
 -2.76567289e+00  7.48714341e+00 -1.54663254e+01  3.31809746e+01
 -1.02353457e+01]"
44,44,270.4297979397842,3.234216528424941,"[22, 4, 23, 24, 28, 29, 33, 34, 37]","[0, 19, 31, 35, 33, 22]","[   0.            6.58178662   12.46140029  -32.09831483 -146.8143679
  -68.60281832   74.35134766    1.75175953   -0.52322196   11.10943273
  -38.53614777   -7.21285862  -23.66818312    6.05445921  -19.03301107
   14.43424239   42.42441024   -2.34304357    4.12832425   -6.04906776
  -11.90503616    4.39743642  -25.55029561  -56.45996574  -19.31924062
   24.03524165   -7.05803033    0.50362709  -15.64512619    7.72556494
    6.98581864    5.91188382   10.40819739   33.00889556   17.04814029
    3.91280052   -2.57056089]"
45,45,173.6059618203645,-13.61764130627806,"[22, 4, 23, 24, 28, 29, 37]","[0, 19, 26, 30, 28, 22]","[   0.            1.30160851   -3.95145542   -4.0860181  -127.16326547
 -103.87514521   11.58723647  -17.46609288    3.94072657   18.70211088
   -0.6273883    10.38383865  -29.46628482    8.01926596  -35.01504773
  -19.80207726  -40.34403237    0.50488372   -0.60753427   -7.73436591
   -6.06943974  -27.87625345  -75.32345935   13.30528617  -61.65467367
   33.40599641   -4.99545865   13.46257929   89.92358293  -66.17051004
   -9.48794032   -3.01915241  -18.62052754   44.43944239   -7.58731834
   25.56819182   -2.77038559]"
46,46,210.41621800918824,67.33491877250277,"[22, 5, 6, 10, 11, 15, 37]","[0, 1, 13, 17, 15, 4]","[   0.            6.1559787     8.21900264  -15.98456714   41.20532304
   -7.04626457   -2.92687879  -11.31332779   -0.93465243   17.14602166
  -34.48893145    0.65924398   31.30222179   -4.69120076   -7.84601463
   32.66667997    3.05501169   -2.00186218    8.1187856    -6.68270824
   -1.35132253   -9.56681357 -191.39700332  -34.75837276   -1.30891392
  -30.54863015   -1.24598069   -5.23898321   39.81404827   12.7017341
   -0.76520888   -0.68197981   -8.8455167   -19.17187078    2.06058312
  -19.49826587   -7.16590385]"
47,47,118.43893393793674,43.60941490551209,"[22, 4, 37]","[0, 19, 20, 21, 22]","[   0.            6.52953179    9.24207966   12.80823602 -105.47369829
   71.91042861  -40.51147002   16.47246649   -2.94650353  -11.84941143
  -55.74908235   44.16718687  -18.64680572   -9.43156437    8.73212463
   31.7983308    28.78132611    1.75324513   -6.61374203    0.25896989
  -18.34795258    6.54992946   57.14846812    6.73714582  -34.49645324
   18.14888997    4.22889373  -44.24857907  -66.16822964   12.85501055
   -9.25348708  -10.80750205   -6.27548279  -40.71407547   19.97690799
   -0.59892482    0.23545052]"
48,48,106.37316800000002,164.38191783880285,"[22, 23, 37]","[0, 19, 20, 21, 22]","[  0.          -5.31700403  -6.38075916  21.23177378 -15.74041514
  43.74913915 -82.99416074  14.01266018  16.74638632  -7.94668222
  92.95187784 -39.9880252  -11.18293525 -20.03435422  -7.32118234
 -50.25174099  81.63677812  11.90577906   7.79396462   9.22881794
 -11.09105091 -30.70503219 198.949183   -36.37440829  15.22182161
  -9.32502378   1.05081318  -8.55541829  17.36622892 -22.22427303
  17.23932293  -7.50759079  18.72758066 -52.48575577 -18.91457003
 -19.54448947   1.33703591]"
49,49,220.08225293186692,27.640726240368608,"[22, 4, 23, 24, 28, 29, 33, 37]","[0, 19, 31, 35, 33, 22]","[ 0.00000000e+00 -4.10427846e+00  6.65145855e+00  3.64525373e+01
 -1.44158341e+02  9.35232139e+00  1.35847734e+01  4.62427426e+00
 -9.92582262e-02  3.60769557e+01  5.47137594e+01 -1.04544866e+01
 -8.95211696e+00  5.69842302e+00 -2.01804005e+01 -4.51581041e+01
  4.23817844e+01  2.06088214e+01  7.11831492e-01  2.96439594e+00
 -1.01063725e+01 -3.69472928e+01 -2.76004845e+01  1.50757717e+01
 -1.88006550e+01 -4.36985978e+00  3.45920080e+00 -4.18685326e+00
  1.62752899e+01  4.07661923e+01 -2.09138172e+01  1.62074812e+01
 -3.65853105e+01  4.94063778e+01 -8.93795942e+01 -6.33704420e+00
  6.47904989e+00]"
50,50,148.3722688321595,102.53883021848176,"[22, 4, 5, 37]","[0, 1, 2, 3, 4]","[  0.          -0.15488802  -6.20928424 -29.2916097  141.19461218
 -19.06928574 -31.21876856  21.4053547  -12.82292596 -26.54957802
   5.05350558  34.48774862  13.93473928  -3.34565185 -19.95052129
  63.95633176 132.56301382  19.75540922   0.61933129   3.71392696
  -3.93955851   2.96231636 -49.46813434  -6.42860244   5.58125899
   5.70938737  -2.81261993  34.21814632  -5.99066556  27.61226872
  21.90419025  13.38408703 -27.37963337  19.4571051   30.14086718
   7.26929187  -1.5735524 ]"
51,51,106.37316800000002,254.23974255249425,"[22, 23, 37]","[0, 19, 20, 25, 23, 22]","[ 0.00000000e+00  5.60640235e-01  1.25079512e+01 -2.72177994e+01
  9.99328823e+00 -1.91964412e+00 -1.42491876e+01 -2.17711817e+01
 -3.51017699e+00  5.17679991e+01 -2.02260316e+01 -2.33723683e+01
 -2.54619875e+01  7.46783040e+00 -1.11669223e+01 -4.43206237e+00
 -4.74934654e+01 -2.01645183e+01 -3.44930866e+00 -4.28212955e-01
  8.22753252e+00  1.83204761e+01  2.06021773e+02  2.07704037e+01
  7.31486424e+01  2.16482459e+01  3.68624274e+00  5.89013246e+00
 -5.34481481e+01 -4.17368239e+01 -3.27398794e+01  1.32806443e+01
  8.34967789e+00  2.87097876e+01  4.00862977e+01 -4.09054312e+00
 -1.64598847e-01]"
52,52,113.37501669219618,89.41166378348734,"[22, 4, 37]","[0, 19, 20, 21, 22]","[  0.          -6.3437519    2.40420026 -16.07914864   1.73440996
  15.77575324  51.16529056  13.19472749  -4.55380876  29.31578053
 -16.75706902  58.65223616   4.33565045   5.07742494  19.46144126
 -14.26566446 -31.53178476  -4.65155433  -4.23750625  -8.74126288
   8.08071571  24.79590834  67.27630262 -21.71268131 -19.36597885
  26.39655649  14.45539998   1.0363463   65.147177   -14.64000976
  -0.48484178  -8.26565414 -31.10796718 -16.07481587 -24.35572099
  -1.32314568   5.76092048]"
53,53,159.44806379279987,192.6563158958807,"[22, 4, 5, 37]","[0, 1, 2, 7, 5, 4]","[  0.           5.83380855 -20.72639779 -12.65374346  99.71264492
  95.7821518  -21.64934691  15.05410841 -21.50351794  -6.10881072
 -16.07583957 -24.48130565  -2.46817601  -5.28120397  18.2230105
 -82.4755484   69.36369867 -21.123613     9.03012104   9.19712742
  23.98079319  10.85804936 -27.31654441 -10.89622096  43.95483055
  -3.57022751  -2.2374021    6.55338472 -81.73391609 -93.61833247
   8.7935884   -0.69474265  10.88705067  34.62934917 -32.67105956
  -9.11162007   4.11003936]"
54,54,167.44382401049285,50.82260034994323,"[22, 4, 5, 37]","[0, 1, 2, 7, 5, 4]","[  0.          -5.40499496   0.78563826 -27.08271183  62.61484602
  29.33550207 -58.83914222 -33.50839104   5.83027565 -13.54922126
  27.10220754   7.42117787 -23.1366904   -8.19550824 -18.06930915
 -21.16742737 -14.96216271  -7.22387529  -3.90435119  12.54233791
 -15.63562705  -4.63355821 -11.32502398  46.2005192   24.98249844
 -17.89381534  -1.22690096  26.82394948 -16.24277033 -65.35129225
  -2.72438986 -14.61006492 -11.94773055 -18.94420134 -21.61778922
  -9.01380766   0.72601767]"
55,55,162.93838258697613,9.641513953795723,"[22, 4, 5, 37]","[0, 1, 2, 3, 4]","[  0.          -0.50891966 -18.09791098   5.25307681  25.99526779
 -15.24345532  -0.09159451   6.8323036    8.97572246  -7.22200229
  66.25781517 -47.56036816  33.32857058 -20.03439257  -9.55745429
  54.75194278  10.32674051  14.047038     4.44190922   3.61109903
 -13.82102734 -19.86909273 -20.33590683  11.51919375  11.88233497
  -3.75153944  -3.68094541  29.01558816   8.76755869  17.80489859
  -4.21210896  -5.06903415   8.00124426  40.70050707  48.43823867
   9.06380658  -6.77793021]"
56,56,130.77697321189794,48.07554580882439,"[22, 4, 37]","[0, 19, 20, 21, 22]","[  0.           2.96829079  11.02680622 -10.24355462 -26.54198597
 -64.68024054 -10.86057954  18.911085    -6.26992787  -5.31894564
  27.49174301  81.93827635  -9.23117904   6.87847423  20.16245245
  -6.26035926  36.00310121  20.00942644   3.4418748   -9.40547881
   8.59958149  18.40905355  32.47238958   1.11276567 -87.49030445
   2.69487551  -6.81455646 -48.44782123  16.84695007 -27.09338583
 -22.80428847   2.84615961 -10.84482805  18.54077846 -34.46752225
  17.49084542  -2.72129271]"
57,57,106.37316800000004,191.7673849356569,"[22, 23, 37]","[0, 19, 20, 25, 23, 22]","[   0.           -1.00323051  -16.9012289   -15.88836953  152.80016631
   89.45621626 -104.46047797   15.32018781   17.46168008  -33.78278501
  -10.64753915  -57.95678976  -18.76530624   -0.75500959  -14.0351442
   -6.42552074   -9.07669669   -8.63903772   -1.69897025   -0.25066362
   20.0497867    -9.06381283  126.95410372   24.6589801    25.57862157
   22.35517804    1.45882066   23.18176343    7.13861202  -55.79104949
  -35.94745228    0.5885131    24.1515435    35.17635786   33.48932449
   32.50848787    2.85066778]"
58,58,120.83825647892554,-198.40342658839597,"[22, 5, 6, 37]","[0, 1, 2, 7, 5, 4]","[ 0.00000000e+00 -1.05079201e+01 -8.09756685e+00 -1.50345184e-01
 -1.70436077e+02  2.32561590e+01 -3.87657624e+01 -2.96180221e+01
 -5.23342546e+00  2.53412920e+01  6.89651771e+00 -4.90862551e+01
 -1.42166049e+01  9.95168984e+00 -2.62834072e+01  3.94795011e+01
 -1.89433282e+01 -1.48752328e+01  7.62584720e+00  1.05442388e+01
 -6.10250409e+00  7.36712601e+00 -1.93589121e+02  4.00562750e+00
 -9.30987994e+01  2.01637002e+00 -1.10550215e+01 -3.79730220e+01
  7.35460469e+01  5.79976384e+01  2.40480352e+01  1.47779132e+00
 -8.88948387e+00 -9.18862423e+00 -4.63346719e+01  1.31405958e+01
 -1.87249520e+00]"
59,59,286.18916746722516,48.8777044196541,"[22, 5, 6, 10, 11, 15, 16, 3, 9, 14, 12, 17, 13, 4, 7, 37]","[0, 18, 4]","[   0.            2.81608747    4.20383432  -32.02718221   63.23367024
  -47.6826873   -49.4019622    35.44605251  -11.22321826  -43.89336432
  -20.49891245  -14.91597918   -1.31529587   -9.62465892   -6.84057764
  -24.69239272  -19.60980846   17.83571381    0.64403418   -0.35881522
   -5.64706765   21.12730626 -184.12415989   -1.91529101   78.00349477
  -17.76000285   -0.69256548   10.57066425   79.88416822  -34.67851258
    2.29344534    8.4500322   -48.11024681   60.11787895   18.8325314
    2.88434834  -10.99575106]"
60,60,197.33117844070637,65.85070485146517,"[22, 4, 23, 24, 28, 37]","[0, 19, 20, 25, 24, 22]","[ 0.00000000e+00 -2.93158817e+00  1.16399914e+01 -2.48344792e+01
 -1.98523022e+02  5.22683563e+01  2.95122824e+01  7.58222563e+00
  9.89200864e-03 -2.21006964e+01 -3.77322871e+01 -2.88148171e+01
  4.56257880e+01  3.49672691e-01 -1.34913734e+01  8.72551289e+00
  4.66753609e+01  5.60296606e+00  2.80426384e+00  2.88071817e-01
  2.65042898e+00 -4.42193518e+01 -3.43937297e+00 -1.05397104e+01
  5.24836141e+01  1.88679629e+01  8.39760964e+00 -1.55907461e+01
  1.53158055e+00  2.05592671e+01 -8.47639725e-02 -2.81324264e+01
 -1.47758924e+01  4.47764781e+01  1.54420906e+01 -2.19415035e+01
  6.04022856e+00]"
61,61,119.15488110468006,20.465425870506365,"[22, 5, 6, 37]","[0, 1, 2, 7, 5, 4]","[ 0.00000000e+00  2.19687773e+00 -1.26181884e-02  2.12224569e+01
  2.03364783e+01  2.66229098e+01 -4.17446090e+01 -2.56782218e+01
 -4.15338932e-01 -2.29595466e+01 -5.03371824e+00  4.08059422e+01
  2.05924141e+01 -6.73284398e-01 -1.19949644e+01  9.60717284e+00
 -8.82013165e+01 -1.13045514e+01  7.71246926e+00  3.40587266e+00
  1.26455489e+00 -2.76055128e+01 -8.88080492e+01 -1.71253621e+01
  4.62430378e+00  1.00367217e+01 -8.97176063e-01  1.74583645e+01
 -2.47455306e+01 -7.85067161e+01  2.90144888e+01 -2.19323006e+01
 -1.68017629e+01  4.04062814e+01 -2.46198241e+01 -1.57809821e+01
 -1.73729556e+00]"
62,62,114.58582424094129,-110.16702693458721,"[22, 5, 6, 37]","[0, 1, 2, 7, 5, 4]","[ 0.00000000e+00 -2.63790505e+00 -2.87591197e+00  2.24680076e+01
 -1.42222398e+02  3.57610235e+01 -6.10719487e+01  4.80816408e+00
 -6.42092838e+00  3.18440458e+01  4.14909417e+00  1.72712565e+01
 -7.53483850e-01  1.88862100e+00  5.80438464e+00 -4.55440095e+01
 -6.04310298e+01 -1.69299607e+01 -1.25309301e-01 -1.82414962e+00
 -1.04845259e+01 -4.05518688e+00 -1.73016237e+02  3.00278484e+01
 -3.18648038e+01  1.20317516e+01 -9.84432185e+00 -2.05471490e+01
 -9.57081788e+01  1.47829528e+01  1.36540180e+01 -5.97610470e+00
  1.56265330e+01  1.85599096e+01 -5.68464422e+01 -2.35450242e+01
  4.64736224e+00]"
63,63,114.45441060082136,81.71761712354157,"[22, 4, 37]","[0, 19, 20, 21, 22]","[ 0.00000000e+00  5.56030619e+00  3.58015526e-01 -1.26031548e+01
  3.54051160e-03 -4.83582968e+01  1.16651230e+01 -3.30131029e+01
 -1.50712909e+01  5.30563668e+00 -4.05611335e+00 -3.46156358e+01
  1.43735373e+01  1.07885403e+01 -2.83611525e+00  4.45054471e+01
 -2.30374380e+00  1.61676646e-01  1.05352358e+00  5.06642798e+00
  7.00545176e+00  6.52822259e+00  6.51175148e+01 -2.19912921e+01
  4.75892908e+01  1.66169662e+01 -9.21737288e-01  8.57368458e+00
 -3.82119055e+00 -7.95545653e+01  7.43337016e+00 -1.83305358e+01
 -1.98881086e+01 -3.11579546e+01 -4.03577532e+01  2.63034057e+01
  1.14058611e+01]"
64,64,213.53632420568195,-76.19601109685341,"[22, 4, 23, 24, 28, 29, 33, 34, 30, 25, 26, 20, 32, 21, 27, 35, 1, 2, 3, 5, 6, 7, 8, 9, 10, 11, 12, 13, 14, 15, 16, 17, 18, 19, 31, 36, 37, 37]","[0, 19, 20, 25, 23, 22]","[   0.           -9.91313708  -11.50249513   43.85832725 -190.14350266
  -17.35586778  -45.42327463  -20.6659014   -23.71958622   14.06676173
   15.39368498   70.01943219  -23.90138515    2.95127681    0.9664177
   -6.85195409  -20.20108111  -27.37028064   -0.51289344   -1.93288665
   -4.56105762  -27.18343416  -47.62523824   23.78527626  -55.11734776
   10.2359007    -5.41332387   -9.81881521   13.0461689    29.54694366
   -2.60072422   -0.33500926  -26.99779277  -41.04760898  -75.05581498
  -27.16681341    9.28641814]"
65,65,117.58827774142964,118.53537375020863,"[22, 5, 6, 37]","[0, 1, 2, 7, 5, 4]","[   0.           -2.71060441   -8.60173388  -10.03593035  101.33655872
   29.75611652  -63.72380059    1.75503681    0.33226935  -31.39000772
    7.24283965  -43.10839735   40.16723216   -2.0120416   -14.39968834
   20.5298772   -10.24393882   -3.58376585   -1.14509044    0.85481037
   -9.63008818   -2.16969447 -295.67112483   59.53167791   46.60815377
   29.23146044   -4.70838236    1.00707184  -11.74207964  -30.81956739
    1.44161841   -6.27385419   -9.5914063    47.71762255   -7.68475981
    8.45368366   -6.78835945]"
66,66,106.27455793019243,109.55651838419871,"[22, 5, 4, 37]","[0, 1, 2, 7, 5, 4]","[   0.           -5.426432     -6.16308037  -15.13832353   34.70477299
   62.25964414 -118.2539425    27.18161361    6.48346792    5.72057488
  118.27663052   43.70839369   23.41676769   14.35220205   -3.61961838
   -2.24171203   -7.40248007  -12.21869175   -0.24402012   -3.16306614
   -2.89066209   -1.71067802 -112.39287331  -23.55011653   -9.2126767
  -20.07427915   16.07622615    6.90059448    7.78648671  -10.69165004
  -24.41754418   14.04254512  -24.30647942   27.0354603   -39.33404953
   18.23579319    5.84069071]"
67,67,151.5796612362324,8.474038401927348,"[22, 5, 6, 10, 37]","[0, 1, 2, 7, 6, 4]","[   0.            0.72096142  -11.152586     24.62093078  -15.46581562
  -23.93548405   13.95968553   24.41179308   -8.28709915  -22.22118991
  -20.97161846  -43.7368909   -32.70670505  -16.8502106    13.84658375
  -95.54261464  -30.17640903  -21.06310205    8.91740581    2.22331736
    1.1861885    10.55379948 -203.97165465  -45.8122204   -23.37583619
   18.1456359     5.34494431    1.02988659   23.28430207  -32.33333969
   -1.7184406     3.11670945  -20.64148215   37.79049889  -33.04396075
  -21.25992469    3.03152087]"
68,68,137.25641862837756,39.83561874143539,"[22, 4, 37]","[0, 1, 2, 3, 4]","[ 0.00000000e+00  9.99718093e-01 -1.54035342e+01  1.67608354e+01
  3.94785994e+01  7.29938099e+00  1.61823590e+01  9.23084077e+00
  3.50331675e-01  9.18045962e+00  2.45968664e+01  3.91143953e-01
  9.20721212e+00  1.40156502e+01 -8.17496741e+00 -1.70993650e+01
  7.68636407e+01  5.98986674e+00 -2.55044311e+00 -1.30684673e+00
 -1.20512368e+01  3.44081017e+00  1.95134987e+01  6.59662011e+01
  2.48306636e+01  1.75311469e+01  9.73053579e-02 -7.14541607e+00
  4.81625411e+01  4.51685094e+01  2.46224829e+00 -3.38488932e-02
 -2.67948532e+01 -5.64488155e+01 -1.58187674e+01 -1.69572205e+01
  1.66334459e+00]"
69,69,106.37316800000005,74.02237969186703,"[22, 23, 37]","[0, 19, 20, 21, 22]","[   0.           -3.01770986   11.62295167  -12.02800272 -159.74856583
   15.90904476   48.234617     21.12598217    8.52543909   13.78782829
   -8.98948249  -20.88728671  -16.80143259   11.80583116  -26.57681681
   -4.97586983  -19.89925584  -38.94246697   -9.24327488    1.32330157
    9.34571804  -23.39928647   88.75264656  -44.48618543  -79.27707842
  -23.87743479    1.68626444  -41.97225856    0.76621296   12.08742852
  -19.20764841   15.91763094    7.04666296  -26.07783601  -46.48006559
  -45.66075147   -3.31367611]"
70,70,106.37316800000002,336.07246321200836,"[22, 23, 37]","[0, 19, 20, 21, 22]","[   0.            0.88877462   -8.53039712   -8.87799356  -20.29379631
   44.0206228  -121.40544607   -8.29122903  -13.43087838  -15.46347809
  -67.00827734   32.21110775   -9.89828369   -5.03884542  -11.92434011
   14.97973033   16.52627892   -3.67211309    3.25978113    5.37334722
  -12.85225132  -25.22461262  370.77597993  -49.52163646  -21.68594531
   10.42205314   -7.84604887  -27.31564396   -3.53180854   12.32974766
  -28.34025433   -0.75648179   13.9615838   -25.01950625  -28.5135166
  -19.90673925   -0.93176716]"
71,71,200.08955079111482,-48.3366871656682,"[22, 4, 23, 24, 28, 29, 33, 34, 5, 37]","[0, 19, 31, 35, 34, 22]","[  0.          -5.96964043  -4.44298994   9.78824418 -45.15571496
  23.42783838  47.09279276 -19.30018111   2.18277905 -17.32287361
 -12.92022123  56.51676591 -14.25301786 -13.62191114 -34.11931072
  22.29464025  -2.90122014  -3.81373579   5.80867089  -7.41038441
  -1.60723106   5.49008195 -44.84846917  26.93949056 -27.17189089
 -11.37354175  -0.52640901 -22.59293761  35.67063867  30.67464171
  22.31495384 -10.88324908   0.84856979  25.6548958   62.92826702
 -39.12285152  -1.76873778]"
72,72,135.79698784393298,150.79972576476268,"[22, 4, 5, 37]","[0, 1, 2, 3, 4]","[ 0.00000000e+00 -3.39779717e+00 -2.20838847e+01  1.18048033e+01
  1.67476604e+02 -6.66382389e+01 -3.29735495e+01  1.09052068e+01
  1.18619318e-02 -1.51406104e+01  2.51818077e+01 -3.82527062e+00
 -3.01572130e+01 -5.00013015e+00  3.42802055e+01 -4.89506906e+01
  5.58362033e+01  8.28952686e+00  7.59833383e+00  6.95031702e+00
 -1.08400094e+01 -8.50736354e+00 -7.46186963e+01  5.83440206e+01
 -5.09997819e+01  2.25721897e+01  1.79057653e+01 -1.03736705e+01
 -2.68432097e+01  2.94704315e+01  1.74847227e+01  3.56528122e+00
 -7.85168858e+00 -1.22837225e+01  5.62282110e+01 -2.21734149e+01
 -1.21287207e+00]"
73,73,152.70264077581635,-65.17809520784449,"[22, 4, 23, 24, 28, 29, 33, 35, 34, 30, 25, 5, 6, 10, 11, 15, 16, 20, 26, 27, 32, 21, 12, 31, 1, 2, 3, 7, 8, 9, 13, 14, 17, 18, 19, 36, 37, 37]","[0, 19, 26, 30, 29, 22]","[   0.           10.65554398   24.40219668    5.26653745 -149.61206482
   -1.46941231   17.22783144  -30.58948661   -7.30259675   21.02630473
   64.79170677  -64.20053479    6.62019064   -2.10952357    5.96353402
  -45.84294072   23.01448094   -7.2781327     0.18199597   -2.60281993
   -0.15764333   -0.91682791  -74.20934266  -32.79344434   20.39234286
   21.01212217    1.45031906   -6.81712127   49.76500432   66.23273279
   -5.45993687   -3.59926022  -66.17743808   42.06795717   -9.05270788
  -13.25018581    4.56529271]"
74,74,149.424088054036,80.53221200266505,"[22, 4, 5, 37]","[0, 1, 2, 3, 4]","[  0.          -3.18336704  -4.08877179  17.05064577  73.75370506
 -23.87195333  38.14610102  25.23332643  -6.24697714   6.79378478
  -2.78220724  43.66752127  -6.03260373   1.50411762  26.44706096
 -13.21214323   1.0654011   -9.72658622   2.98494877   2.7500791
 -10.58821976 -33.46435884 -47.36449589 -44.9120314  -39.90891187
   5.39730618  16.49580277   4.20821177 122.41434221 -42.16760509
  36.37025602   8.63090156 -21.98423264  -6.9854428  -24.80940089
 -13.12735133   3.52860608]"
75,75,114.54095539554179,52.25507966949261,"[22, 4, 37]","[0, 19, 20, 21, 22]","[  0.           0.56347007   4.77022489  38.71962249  45.04145709
 -47.55389434  24.54523792  -3.56283549  13.46521433  23.2229975
   8.03224366  20.39262954 -15.28336774  -8.38373379  11.68848807
 -32.83902886 -28.91906879 -18.22744702   3.57276425   5.08966144
   6.30104043 -22.0800474   64.94442521  46.84713477 -12.36587946
  10.3178069   -1.48269343  13.83959472 -52.57555756 -14.76450904
   0.36561603  14.21531301  30.14469243  -6.87606351 -23.32002225
  -6.4458957    8.33625812]"
76,76,167.60226288731454,-17.0067459252154,"[22, 4, 5, 37]","[0, 1, 2, 3, 4]","[  0.          -2.78815225 -10.59536355 -11.43279985  10.80956972
  -6.97296034  -7.06238717   3.80073763 -12.15041644  29.09635334
  13.23571809 -13.42127948   5.35528447  -0.31386735   8.4943887
  64.94384238  -1.25724091  30.46478023   1.43837907   3.35123965
   2.26331644   5.28130246 -11.00814623  34.91092976  19.50973165
  -5.15000515   1.86477707  36.27493118   3.20425296 -32.96057117
   1.13042143  -1.4280109   26.23342095  17.88731387 -68.07135088
   0.65412268  -3.04713745]"
77,77,153.0485437448619,52.893243996445875,"[22, 5, 6, 10, 37]","[0, 1, 8, 12, 10, 4]","[   0.            3.30765736   -5.79757639    8.15622647   46.64793666
  -78.98836399   11.02192051  -31.51610345   15.68396907  -14.49590046
   12.23558869   46.55768632  -20.98190779   -9.76578006  -12.78101584
   67.89716926  -51.44461204   -3.78323165   -0.36956334   -0.80247687
   -1.08793477  -13.93968028 -120.69729695  -15.70180197  -85.51172397
   35.21861785   -7.74193227  -10.60467868  -31.74064045   11.67609711
  -24.44010722  -15.69037765    7.99900317   -1.82578773  -36.63677725
   22.37972951    0.98690605]"
78,78,122.3610972741264,28.916758187187558,"[22, 5, 6, 37]","[0, 1, 2, 7, 5, 4]","[   0.           -1.52359133    5.77975386   11.50510049   -6.07883498
   20.21047745  -20.70237675   13.52895319   -0.18155026  -12.99264145
   25.22513914    9.00227832  -17.53136385    8.28523129   41.8569267
    9.20033191   27.76559407   -7.70151993    0.77762164    4.98314366
  -10.64076272   -6.71113102 -138.66632065  -49.7739953    23.6057852
  -11.37761197   19.50379022   25.20750925   -3.55999894   18.65014342
  -10.8992895     2.4317445   -28.74431053  -51.67728674   14.93377135
   10.47731266   -1.30115138]"
79,79,106.62346655073033,69.88610407692724,"[22, 4, 37]","[0, 19, 20, 21, 22]","[ 0.00000000e+00  3.46941446e-01 -1.19050468e+01  5.31096041e-02
 -5.42412677e+01  3.88998507e+01  2.48366331e+01  1.10031347e+01
  8.55166113e+00  1.12773838e+01 -9.52613772e-01  5.84082455e+01
  1.38103454e+01  2.80145454e+01 -1.74960695e+01 -2.38942463e+01
 -4.99544427e+01 -1.69935647e+01 -2.04301491e+00 -6.57586981e+00
 -2.53670026e+00  2.19271245e-01  8.07794029e+01  3.09717902e+01
  2.68733141e+00 -1.70778277e+01 -7.99887977e+00  2.15807903e+01
 -3.88076754e+01  2.44285390e+01 -3.95464681e+00  1.13123103e+01
 -2.77296832e+01  3.37787023e+01 -4.11432931e+01  3.10387162e+01
 -2.74275529e+00]"
80,80,116.90368167698793,55.96226815894587,"[22, 4, 37]","[0, 19, 20, 21, 22]","[  0.           1.04401477   8.95211035 -23.61458313  27.35325396
  24.11468976 -26.45469728 -20.87221478  -5.81148973  -7.12706
  11.76295252 -71.87882551  -7.78980322   4.4914091   -9.47798512
  46.55232866 -49.19248552  19.73438458  -4.08057699  -8.79091912
   6.96212215  -0.42790751  60.21897265 106.33753851  43.44393826
  -3.26312537   5.52802251  45.78942735  -1.67104082 -30.0156362
   3.48727496 -15.74559881   5.26391089 -20.02148408 -47.0435109
   7.11143653  -4.93882643]"
81,81,178.9990995264996,2.907461415932424,"[22, 5, 6, 10, 11, 37]","[0, 1, 8, 12, 10, 4]","[   0.           -6.17700922    0.59928638  -33.09284553    2.36687056
   -1.36278124  -47.7543246   -42.03730157    3.68381879   29.90800962
   11.30714495  -63.97166974   -3.27336366  -11.39058939   35.77090198
  -11.37983582    5.17644337    9.41838228    4.56315462   -0.94905012
    4.32511413    4.3045632  -144.55407942  -35.12839797   14.0992533
  -26.65596727   -8.26796135  -23.70975619    8.96371267  -17.46815548
    3.11237931  -18.49781475  -11.3611427   -49.9424764   -38.62155741
   -8.85035773   -2.58516045]"
82,82,106.37316800000008,135.51442922144773,"[22, 23, 37]","[0, 19, 20, 21, 22]","[  0.          -6.78573578  12.8693651   11.46950775  57.94501543
  -1.10487325 -15.26211322  -6.17563925  13.87756047  34.32998831
  42.17512208 -22.53359078   8.92331524  19.99377753   4.78011974
  40.37554712  -8.85552016 -12.02669386  -3.2108909   -0.41833632
  -1.00873209   0.74442523 138.1970724  -16.41620214 -11.93384061
  13.95552079  -6.1303765   -7.93750377 -34.16582818  24.4409269
   4.65120118   8.16350187  -0.24158634  -6.69698229  23.25827066
 -32.29999723  -1.91655815]"
83,83,118.6062547843651,42.62706909448291,"[22, 4, 37]","[0, 19, 20, 21, 22]","[ 0.00000000e+00 -5.61373609e+00  1.14308469e+01  1.34995197e+01
 -4.64826734e+01  4.24708792e+01  5.71975364e+01 -1.33076707e+01
 -9.84503914e+00 -2.07931401e+01 -2.31292697e+01  3.77886558e+00
  2.23515084e+01 -3.77168602e+00 -2.16113298e+01  2.44465650e+00
  4.94978056e+01 -6.56292541e+00  3.23058498e+00 -1.20681518e+00
  7.88852263e+00 -1.88684648e+01  5.68138264e+01 -6.58416161e+01
 -4.94713108e+01  1.11845253e+01 -8.15682682e+00  2.53679890e+01
 -4.76652682e+01 -4.56312062e+01  8.55011346e+00 -7.32902772e+00
  2.25977938e+01  6.37932088e+01  3.08659169e+00 -3.73928700e-04
  2.36733532e+00]"
84,84,129.8584838257855,-1.3741244862422874,"[22, 4, 37]","[0, 19, 20, 21, 22]","[  0.          -2.30223531   6.62962064 -26.59296491 -54.26435807
 -29.31486101 -41.33240465  -4.5703789   -0.41761556 -37.28719887
  19.72396853  84.07450161 -23.36079503   4.11463563  20.3349762
 -17.21876221 -48.00661918  11.4133725   -8.37008697   1.90976302
 -11.02478058 -24.56847527  34.30936835 -12.62766369  -0.24389561
 -24.94580516 -10.49909265 -11.62688152  17.64994566 -33.43026415
 -20.10375062   1.7523474  -39.63267704 -43.2435932    6.53472079
 -11.51146627 -13.00866277]"
85,85,165.80872356238453,58.17124027745737,"[22, 5, 6, 10, 11, 37]","[0, 1, 8, 12, 10, 4]","[   0.           11.88877062    9.98732857  -26.20301594   18.01899212
  -70.59016077  -57.72503475  -27.98571115    8.20353999   25.9059864
   37.68789688   -9.27729152  -12.62795933   -6.42177023   -7.63343202
  -70.53776016   64.46672851  -17.56216778   -2.49288533    4.53621701
    0.41329417   36.30949484 -135.61691405  -18.89388004  -19.89963533
    0.77873557   13.76194729    9.82864712   23.47643553  -51.36465338
   35.59820624  -12.88998357  -15.67485793  -42.35750306  -16.28954992
   -4.84609503    5.5356164 ]"
86,86,106.37316799999991,313.89846683824913,"[22, 23, 37]","[0, 19, 20, 25, 23, 22]","[  0.          -3.02709204   4.5677764  -12.46439842  69.35386472
 -46.08430263 -63.29677468  36.03701497  -0.43293782  23.27058013
  26.29281825 -19.16938398  12.33953649   6.79000653 -18.38524205
 -22.09310209  36.04112393  -4.72448238   4.94290112  -5.84698675
  -4.39952113  14.03760233 315.79739661  24.55016373  19.97901104
 -14.20258562  -5.49743904   2.48881321  52.35548637 -47.23367155
  -8.00998388  -3.28385316 -35.42344803 -21.77896884 -29.21717951
  13.3325042    8.22633555]"
87,87,155.12122222545344,206.72435257059902,"[22, 4, 5, 37]","[0, 1, 2, 7, 5, 4]","[  0.           0.63957772   5.27212261  -7.41545803 175.04434473
  15.16083563   7.48254991  13.60747188 -12.24510469  24.60259131
 -19.34404915 -44.59687074  28.54837619  -5.34886048 -18.24253936
 -36.54155206 -73.16270965 -19.8682798   -6.37696196  -5.87297665
  -8.05907511  14.79912233 -35.97022755   3.53238987  23.93272576
  -2.34981311  -2.29784867  31.62384845 -53.58594421 -33.25423573
   8.98839763 -10.1455906   20.76696494  32.74478473   6.84793052
  12.56598845  -4.86751793]"
88,88,130.37679974365096,126.81430666721118,"[22, 4, 37]","[0, 1, 2, 3, 4]","[  0.          11.02907621   9.56562693   1.36822201 106.85138151
  39.88730566 -37.26191662  14.60860985  -1.71213692 -25.77382361
  42.45743746  -1.62005131 -18.07442828 -15.5413303  -19.02265675
   8.02103546 -29.89315894  21.361617    -1.38511892   0.43278703
  -2.53220811 -24.2408201   33.27273651  22.08876347 -18.70970838
 -28.54985329   8.85804509  47.21267512 -60.88025113  -8.63780115
   3.80653474   7.22256103 -17.41432194   4.06997313  22.21433924
  19.24522742   7.16749704]"
89,89,233.59577338788827,-18.55366791000204,"[22, 4, 5, 6, 10, 11, 15, 16, 7, 23, 24, 28, 29, 33, 34, 3, 9, 14, 12, 25, 37]","[0, 1, 8, 12, 11, 4]","[ 0.00000000e+00 -1.06066648e-02 -4.25891840e+00 -5.11180929e+00
 -3.05778836e+01  1.62198736e+00 -2.73417711e+00 -2.40444820e+01
 -1.82533369e+00 -1.75915214e+01 -9.72991089e+00  2.69612296e+01
  6.89892641e+00 -6.25284842e+00 -4.12903265e+00 -3.48638968e+01
 -3.48042326e+01  7.96295277e+00 -3.32627612e+00  6.68386218e-01
  7.86214675e+00 -1.06344243e-01 -6.55879291e+01  2.21831852e+01
  1.87806858e+01 -4.18246450e+01  2.66136907e-02  8.36712231e+00
 -4.63365915e+01 -2.46115289e+01  5.59318940e+00 -1.57288811e+01
 -1.60469411e+01 -6.92717602e+01 -7.13042091e+01  1.48274113e+01
  8.71334020e+00]"
90,90,106.373168,204.05587562024132,"[22, 23, 37]","[0, 19, 20, 25, 23, 22]","[  0.          -1.1376197   -5.91398931 -15.98455308 119.01095007
 -54.63579462  28.83823589 -26.51123505  18.56931648  24.94360675
 -54.17033458 -29.61893883   4.68150853 -13.62234757   0.27750828
  52.38256862  43.28301915  15.63897484  -6.30204219   7.79860314
   4.19246294   1.68771654 116.31240338  59.736671    65.93781321
  18.01573515  -1.45023081  24.56801432  23.27734881   2.43414556
  -2.64193254 -18.24563441   8.29866598  48.65485908 -44.94637166
  36.47479136  -3.51173037]"
91,91,106.37316799999999,256.15102891359845,"[22, 23, 37]","[0, 19, 20, 21, 22]","[  0.          -5.29969877  -5.50919673  -5.51372544 122.22537268
 -36.23435945   2.77408688  43.57311313   1.47316911  10.34514258
 -51.75917806 -42.1955039    9.2953748    2.34106005  35.57732037
  34.55506687  -1.00237437  -3.14975108  -3.49018994  -0.85545278
  -6.64775626  11.56884305 254.0853949  -17.85577381 -26.6775626
   9.61594499  19.84980107   7.83817871  95.92811209  96.69441093
 -32.28239661  -2.16426581  33.27264237  -4.88065083  55.93682628
 -12.76729351  -3.99977975]"
92,92,144.70153397171848,-16.994033648203146,"[22, 5, 6, 10, 37]","[0, 1, 8, 12, 10, 4]","[   0.            1.53973775   -7.36329257  -52.45996468  -19.89461474
  -88.08749429   27.71594006   -1.85561248    7.77919868    9.95076514
   33.0228504   -20.53678287  -35.44120575   -4.42031082   25.91901054
  -16.73478835   17.77225393   14.63504099    2.10048449    1.60856477
   -2.26134552  -24.96404474 -100.62790285  -12.98336444  -45.8331715
   -9.13137942   -4.4249684     5.69544195   17.38773796   78.81124702
   47.08000581    5.12225799   -5.84854928    6.07184904  -92.06900458
  -39.30791387   -2.25216044]"
93,93,106.37316800000002,217.76829342338266,"[22, 23, 37]","[0, 19, 20, 21, 22]","[  0.           5.50367947  20.62230123   9.28032024 165.20633379
  10.36899498 -18.52656264 -29.27964932  -3.0532938   22.32984298
  76.99663554 -10.14035997  27.29573799  16.52199767 -38.92329141
  56.79429666  23.56202257  12.48866478  -0.93178406   0.63735613
  -1.73074305 -35.134494   255.99617434 -12.37047673 -20.3054167
 -24.31673769  -9.38317637 -23.71073072  44.24944553   7.24712018
  -1.30177207   6.44357539  15.66557617  -2.51531229  -6.0711245
  -3.49445798   3.31383486]"
94,94,136.9875942813636,26.272668726129048,"[22, 4, 37]","[0, 19, 20, 21, 22]","[ 0.00000000e+00  7.60591680e+00 -7.06856723e+00  3.50555518e+01
 -2.18342052e+02 -3.99889348e+01 -4.03844921e+01  6.20873547e-01
 -5.02174218e-02  9.18331158e+00 -3.72508095e+00  8.75364373e+00
 -1.44858164e+01  1.05984783e+01  2.03479054e+01 -2.94524481e+01
  1.39655900e+00 -2.28716960e-01  1.24396441e-01 -2.37324973e+00
 -1.06646443e+01  2.12594154e+01  2.00511474e+01 -2.29614093e+01
 -1.47567632e+01  2.54448971e-01  3.73143971e+00 -1.93792837e+01
 -1.20204297e+01  4.49166134e+01 -1.70154000e+01  6.68783655e+00
 -2.86547979e+01 -4.10438965e+00  1.94931733e+01 -6.74299763e+00
  1.46097012e+00]"
95,95,106.37316800000004,100.24544039104998,"[22, 23, 37]","[0, 19, 20, 21, 22]","[  0.          -2.91215413   3.39579485  11.98577425 108.85401057
   3.88713599  -5.69332756  35.63495538   5.88120329   0.21465452
 138.22465684 -46.18917354   3.82247762  -0.6344524  -11.84008762
 -59.71445755 -15.75859591  22.67129603   0.92833545  -7.79016657
  -3.02222359  -2.50278659 115.56061714 -25.29426998 -33.71175276
 -13.89414351   2.43141279  -0.60047968  28.47193608 -10.5505937
 -28.47885373 -13.01886453  -3.10594198  -0.58245336 -27.26818582
   2.65378895  -2.16537839]"
96,96,106.37316800000005,85.1617246568337,"[22, 23, 37]","[0, 19, 20, 25, 23, 22]","[  0.          -0.24332565  -6.5974621    7.14738463  13.20399334
 -34.73674167 -20.80611678   1.61135249 -12.02208149 -19.93730183
 -77.213999     4.15810312 -15.87710021  -4.36621822  -1.94377451
 -17.88861007  25.04095575   8.70665075   1.25922312   0.41771686
  12.99079337  15.27996303  98.42818441   2.60069713 100.92494602
 -27.27566711  -4.05484939 -31.61546957  18.34049798  43.5313439
 -11.16722725   8.32531005 -25.59913312  -7.75823664   4.88769381
  -6.69361842  -5.85636047]"
97,97,272.4437397412463,16.04759119146982,"[22, 4, 5, 6, 10, 11, 15, 16, 23, 37]","[0, 1, 13, 17, 16, 4]","[  0.          -2.14799177  -7.46389189  20.13695277 -59.11238669
 -45.09316113 -27.27728098 -19.50121513   6.75444443  -5.15195989
 -11.56581914 -13.80826147 -33.70197666  -7.19903553   7.65878164
 -20.97345024  64.99282397  28.51418121   6.0109464    4.16235185
 -11.99018376  -6.95215097 -61.0018145  -39.08836801  21.51505984
   3.35212276  -3.92782712  -4.38920023  -7.13656221  22.73768894
  -3.78734111   1.62987758  20.85417402  -9.51648083  21.80105071
 -20.80011999  -6.38860827]"
98,98,123.71469690609847,48.65018775508675,"[22, 4, 37]","[0, 19, 20, 21, 22]","[   0.            8.1880172     9.9854198   -14.1481375  -104.22073009
   -0.23253764  -59.74753907  -31.59866468   -6.17930513   -4.81006513
  -47.46574097  -70.22924667   -3.44299956    3.58575619   33.8037028
  -29.06341624   -2.87755161   10.84573801   -5.68272345    5.22429298
    5.36344359   -6.534491     46.59694219   37.04548032    8.04378345
   26.33424368   24.4774874     9.97791413   -4.6667502   -50.53728215
   28.41323294    0.96623076  -14.1381844    -4.82844115  -48.85645641
   -4.4929024     1.79974298]"
99,99,143.45589429844173,40.37669536759412,"[22, 5, 6, 10, 37]","[0, 1, 2, 7, 6, 4]","[   0.           10.28610869    2.83261941   26.59623957  -15.4621851
   -2.76123437   30.2072194    16.51293297   -1.1306921   -47.35675189
   -6.6819773    27.4159187     0.47000217    4.56201279    5.40985564
  -57.40032575   35.31268585  -11.60163328   -2.50782652    2.95476647
   -7.3161625     5.23510923 -102.69546948   -7.50103649  -14.93945158
   -9.23941933   -8.16466104   -0.90246605    4.85311105   37.03811118
  -11.47639393    0.5270311    44.14621174   15.67287478   19.30853711
    8.66668042   -8.52145847]"
